query_id	reference_rbp_id	blast_present	pident	coverage	evalue	bitscore	raw_blast_score	best_blast_outgroup	outgroup_blast_score	effective_blast_score	tree_distance	raw_phylogeny_score	best_phylogeny_outgroup	outgroup_phylogeny_distance	outgroup_phylogeny_score	effective_phylogeny_score	structure_present	foldseek_evalue	foldseek_bits	alntmscore	qtmscore	ttmscore	rmsd	raw_structural_score	best_structural_outgroup	outgroup_structural_score	effective_structural_score	rbp_score
query1|unknown_host1|phage_test1	P12528|Salmonella|Bacteriophage_P22|Podo|RBP	no	NA	NA	NA	NA	0.0	NA	0.0	0.0	2.71337	0.26929716133862236	OUTGROUP_CAPSID_01|Escherichia_phage_T4|major_head_protein|NP_049787.1|OUTGROUP	1.49069	0.4014951680056531	0.2090728861377744	yes	0.54	73.0	0.8036	0.7543	0.3545	3.336	0.6643554612546125	NA	0.0	0.6643554612546125	0.3180104060362886
query1|unknown_host1|phage_test1	Q858F5|Salmonella|Bacteriophage_epsilon15|Podo|RBP	no	NA	NA	NA	NA	0.0	NA	0.0	0.0	3.07381	0.2454704564032196	OUTGROUP_CAPSID_01|Escherichia_phage_T4|major_head_protein|NP_049787.1|OUTGROUP	1.49069	0.4014951680056531	0.18524618120237163	yes	0.4621	70.0	0.7623	0.7311	0.2252	3.838	0.6355793964448119	NA	0.0	0.6355793964448119	0.30054330387851763
query1|unknown_host1|phage_test1	P07537|Bacillus|Bacteriophage_PZA|Podo|RBP	no	NA	NA	NA	NA	0.0	NA	0.0	0.0	3.10136	0.24382156162833793	OUTGROUP_CAPSID_01|Escherichia_phage_T4|major_head_protein|NP_049787.1|OUTGROUP	1.49069	0.4014951680056531	0.18359728642748996	yes	0.4608	66.0	0.7675	0.6898	0.2593	3.772	0.6170611483654651	NA	0.0	0.6170611483654651	0.2927237809530585
query1|unknown_host1|phage_test1	YP_009880322.1|Escherichia|Bacteriophage_ep75|Sipho|RBP	no	NA	NA	NA	NA	0.0	NA	0.0	0.0	4.1742799999999995	0.19326360382507327	OUTGROUP_CAPSID_01|Escherichia_phage_T4|major_head_protein|NP_049787.1|OUTGROUP	1.49069	0.4014951680056531	0.1330393286242253	yes	0.5183	71.0	0.7601	0.7512	0.323	4.042	0.6432967988893297	NA	0.0	0.6432967988893297	0.2905785517117882
query1|unknown_host1|phage_test1	AEL79676.1|Escherichia|Bacteriophage_vB_EcoP_G7C|Podo|RBP	no	NA	NA	NA	NA	0.0	NA	0.0	0.0	3.71935	0.2118935870405882	OUTGROUP_CAPSID_01|Escherichia_phage_T4|major_head_protein|NP_049787.1|OUTGROUP	1.49069	0.4014951680056531	0.15166931183974022	yes	0.4685	70.0	0.7442	0.7399	0.2356	4.367	0.6304747661635923	NA	0.0	0.6304747661635923	0.290107234425372
query1|unknown_host1|phage_test1	P20345|Bacillus|Bacteriophage_phi-29|Podo|RBP	no	NA	NA	NA	NA	0.0	NA	0.0	0.0	3.10427	0.24364868782999172	OUTGROUP_CAPSID_01|Escherichia_phage_T4|major_head_protein|NP_049787.1|OUTGROUP	1.49069	0.4014951680056531	0.18342441262914375	yes	0.4615	66.0	0.73	0.6907	0.2599	3.825	0.6058007772020726	NA	0.0	0.6058007772020726	0.288176414038115
query1|unknown_host1|phage_test1	O09496|Escherichia|Bacteriophage_K5|Podo|RBP	no	NA	NA	NA	NA	0.0	NA	0.0	0.0	2.65865	0.27332486026266517	OUTGROUP_CAPSID_01|Escherichia_phage_T4|major_head_protein|NP_049787.1|OUTGROUP	1.49069	0.4014951680056531	0.2131005850618172	yes	0.4798	63.0	0.6846	0.6606	0.3355	4.426	0.5725395650571322	NA	0.0	0.5725395650571322	0.2822909722883072
query1|unknown_host1|phage_test1	Q9XJP3|Shigella|Bacteriophage_Sf6|Podo|RBP	no	NA	NA	NA	NA	0.0	NA	0.0	0.0	3.42897	0.22578613086112576	OUTGROUP_CAPSID_01|Escherichia_phage_T4|major_head_protein|NP_049787.1|OUTGROUP	1.49069	0.4014951680056531	0.16556185566027778	yes	0.5121	66.0	0.7067	0.7027	0.3674	4.657	0.5987144281421247	NA	0.0	0.5987144281421247	0.28087623517191934
query1|unknown_host1|phage_test1	YP_512279.1|Escherichia|Bacteriophage_phiV10|Sipho|RBP	no	NA	NA	NA	NA	0.0	NA	0.0	0.0	3.9754399999999994	0.20098724936890008	OUTGROUP_CAPSID_01|Escherichia_phage_T4|major_head_protein|NP_049787.1|OUTGROUP	1.49069	0.4014951680056531	0.1407629741680521	yes	0.4727	68.0	0.7252	0.7123	0.264	3.972	0.6139352614641995	NA	0.0	0.6139352614641995	0.28076484812769287
query1|unknown_host1|phage_test1	AEM91898.1|Escherichia|Bacteriophage_Cba120|Sipho|RBP	no	NA	NA	NA	NA	0.0	NA	0.0	0.0	3.8914	0.20444044649793516	OUTGROUP_CAPSID_01|Escherichia_phage_T4|major_head_protein|NP_049787.1|OUTGROUP	1.49069	0.4014951680056531	0.1442161712970872	yes	0.5137	67.0	0.7222	0.7056	0.359	3.95	0.6098640404040404	NA	0.0	0.6098640404040404	0.27999965898588797
query1|unknown_host1|phage_test1	YP_654147.1|Escherichia|Bacteriophage_K1-5|Podo|RBP	no	NA	NA	NA	NA	0.0	NA	0.0	0.0	2.64895	0.27405143945518573	OUTGROUP_CAPSID_01|Escherichia_phage_T4|major_head_protein|NP_049787.1|OUTGROUP	1.49069	0.4014951680056531	0.21382716425433776	yes	0.4763	62.0	0.6618	0.656	0.3341	4.33	0.5640634521575985	NA	0.0	0.5640634521575985	0.2790821719266238
query1|unknown_host1|phage_test1	AEM91899.1|Escherichia|Bacteriophage_Cba120|Sipho|RBP	no	NA	NA	NA	NA	0.0	NA	0.0	0.0	3.76167	0.21001035351042804	OUTGROUP_CAPSID_01|Escherichia_phage_T4|major_head_protein|NP_049787.1|OUTGROUP	1.49069	0.4014951680056531	0.14978607830958007	yes	0.4357	65.0	0.7013	0.6829	0.2198	4.442	0.5885911944138185	NA	0.0	0.5885911944138185	0.27288299734292243
query1|unknown_host1|phage_test1	YP_003347556.1|Klebsiella|Bacteriophage_KP32|Podo|RBP	no	NA	NA	NA	NA	0.0	NA	0.0	0.0	3.27359	0.23399530605416052	OUTGROUP_CAPSID_01|Escherichia_phage_T4|major_head_protein|NP_049787.1|OUTGROUP	1.49069	0.4014951680056531	0.17377103085331255	yes	0.4817	61.0	0.6845	0.6438	0.3528	4.082	0.5666045848091302	NA	0.0	0.5666045848091302	0.27008459163698023
query1|unknown_host1|phage_test1	AEM91897.1|Escherichia|Bacteriophage_Cba120|Sipho|RBP	no	NA	NA	NA	NA	0.0	NA	0.0	0.0	4.23074	0.1911775389333058	OUTGROUP_CAPSID_01|Escherichia_phage_T4|major_head_protein|NP_049787.1|OUTGROUP	1.49069	0.4014951680056531	0.13095326373245783	yes	0.4391	64.0	0.6948	0.6699	0.2374	4.051	0.5829861195802811	NA	0.0	0.5829861195802811	0.2659327637652269
query1|unknown_host1|phage_test1	AVZ45096|Escherichia|Bacteriophage_EP335|Podo|RBP	no	NA	NA	NA	NA	0.0	NA	0.0	0.0	3.5659099999999997	0.21901439143566126	OUTGROUP_CAPSID_01|Escherichia_phage_T4|major_head_protein|NP_049787.1|OUTGROUP	1.49069	0.4014951680056531	0.1587901162348133	yes	0.2126	28.0	0.3285	0.3043	0.1453	6.337	0.2779590977238654	NA	0.0	0.2779590977238654	0.15088116814824948
query1|unknown_host1|phage_test1	P13332|Enterobacteria|Bacteriophage_T4|Myo|RBP	no	NA	NA	NA	NA	0.0	NA	0.0	0.0	3.44363	0.22504123880701135	OUTGROUP_CAPSID_01|Escherichia_phage_T4|major_head_protein|NP_049787.1|OUTGROUP	1.49069	0.4014951680056531	0.16481696360616338	yes	0.1929	24.0	0.2882	0.2697	0.1479	7.279	0.24546750694528324	NA	0.0	0.24546750694528324	0.13939124367965416
query1|unknown_host1|phage_test1	YP_654148.1|Escherichia|Bacteriophage_K1-5|Podo|RBP	no	NA	NA	NA	NA	0.0	NA	0.0	0.0	2.2022500000000003	0.3122804278241861	OUTGROUP_CAPSID_01|Escherichia_phage_T4|major_head_protein|NP_049787.1|OUTGROUP	1.49069	0.4014951680056531	0.25205615262333814	no	NA	NA	NA	NA	NA	NA	0.0	NA	0.0	0.0	0.06301403815583453
query1|unknown_host1|phage_test1	P49714|Escherichia|Bacteriophage_K1E|Podo|RBP	no	NA	NA	NA	NA	0.0	NA	0.0	0.0	2.20632	0.3118840290426408	OUTGROUP_CAPSID_01|Escherichia_phage_T4|major_head_protein|NP_049787.1|OUTGROUP	1.49069	0.4014951680056531	0.25165975384179284	no	NA	NA	NA	NA	NA	NA	0.0	NA	0.0	0.0	0.06291493846044821
query1|unknown_host1|phage_test1	Q04830|Escherichia|Bacteriophage_K1F|Podo|RBP	no	NA	NA	NA	NA	0.0	NA	0.0	0.0	2.2551300000000003	0.30720739263869645	OUTGROUP_CAPSID_01|Escherichia_phage_T4|major_head_protein|NP_049787.1|OUTGROUP	1.49069	0.4014951680056531	0.24698311743784848	no	NA	NA	NA	NA	NA	NA	0.0	NA	0.0	0.0	0.06174577935946212
query1|unknown_host1|phage_test1	P0DJY6|Escherichia|Bacteriophage_Mu|Myo|RBP	no	NA	NA	NA	NA	0.0	NA	0.0	0.0	2.2998700000000003	0.30304224105798105	OUTGROUP_CAPSID_01|Escherichia_phage_T4|major_head_protein|NP_049787.1|OUTGROUP	1.49069	0.4014951680056531	0.24281796585713308	no	NA	NA	NA	NA	NA	NA	0.0	NA	0.0	0.0	0.06070449146428327
query1|unknown_host1|phage_test1	AUV56907.1|Staphylococcus|Bacteriophage_vB_SauM_LM12|Myo|RBP	no	NA	NA	NA	NA	0.0	NA	0.0	0.0	2.47016	0.28817115060977017	OUTGROUP_CAPSID_01|Escherichia_phage_T4|major_head_protein|NP_049787.1|OUTGROUP	1.49069	0.4014951680056531	0.2279468754089222	no	NA	NA	NA	NA	NA	NA	0.0	NA	0.0	0.0	0.05698671885223055
query1|unknown_host1|phage_test1	pdb_00008xci|Escherichia|Bacteriophage_lambda|Sipho|RBP	no	NA	NA	NA	NA	0.0	NA	0.0	0.0	2.50634	0.2851976705054273	OUTGROUP_CAPSID_01|Escherichia_phage_T4|major_head_protein|NP_049787.1|OUTGROUP	1.49069	0.4014951680056531	0.22497339530457935	no	NA	NA	NA	NA	NA	NA	0.0	NA	0.0	0.0	0.05624334882614484
query1|unknown_host1|phage_test1	pdb_00005yvq|Enterobacteria|Bacteriophage_Mu|Myo|RBP	no	NA	NA	NA	NA	0.0	NA	0.0	0.0	2.71837	0.268935044118794	OUTGROUP_CAPSID_01|Escherichia_phage_T4|major_head_protein|NP_049787.1|OUTGROUP	1.49069	0.4014951680056531	0.20871076891794602	no	NA	NA	NA	NA	NA	NA	0.0	NA	0.0	0.0	0.052177692229486504
query1|unknown_host1|phage_test1	CBY99572.1|Escherichia|Bacteriophage_phi92|Myo|RBP	no	NA	NA	NA	NA	0.0	NA	0.0	0.0	2.74078	0.2673239270954186	OUTGROUP_CAPSID_01|Escherichia_phage_T4|major_head_protein|NP_049787.1|OUTGROUP	1.49069	0.4014951680056531	0.2070996518945706	no	NA	NA	NA	NA	NA	NA	0.0	NA	0.0	0.0	0.05177491297364265
query1|unknown_host1|phage_test1	P08234|Enterobacteria|Bacteriophage_M1|Podo|RBP	no	NA	NA	NA	NA	0.0	NA	0.0	0.0	2.7576	0.26612731530764316	OUTGROUP_CAPSID_01|Escherichia_phage_T4|major_head_protein|NP_049787.1|OUTGROUP	1.49069	0.4014951680056531	0.2059030401067952	no	NA	NA	NA	NA	NA	NA	0.0	NA	0.0	0.0	0.0514757600266988
query1|unknown_host1|phage_test1	pdb_00007qlr|Clostridium|Bacteriophage_C._difficile|Sipho|RBP	no	NA	NA	NA	NA	0.0	NA	0.0	0.0	2.79632	0.26341298942133434	OUTGROUP_CAPSID_01|Escherichia_phage_T4|major_head_protein|NP_049787.1|OUTGROUP	1.49069	0.4014951680056531	0.20318871422048637	no	NA	NA	NA	NA	NA	NA	0.0	NA	0.0	0.0	0.05079717855512159
query1|unknown_host1|phage_test1	YP_009168860.1|Escherichia|Bacteriophage_K1H|Podo|RBP	no	NA	NA	NA	NA	0.0	NA	0.0	0.0	2.80121	0.2630741263965948	OUTGROUP_CAPSID_01|Escherichia_phage_T4|major_head_protein|NP_049787.1|OUTGROUP	1.49069	0.4014951680056531	0.2028498511957468	no	NA	NA	NA	NA	NA	NA	0.0	NA	0.0	0.0	0.0507124627989367
query1|unknown_host1|phage_test1	APZ82848.1|Klebsiella|Bacteriophage_K5-4|Myo|RBP	no	NA	NA	NA	NA	0.0	NA	0.0	0.0	2.81963	0.26180546283278744	OUTGROUP_CAPSID_01|Escherichia_phage_T4|major_head_protein|NP_049787.1|OUTGROUP	1.49069	0.4014951680056531	0.20158118763193947	no	NA	NA	NA	NA	NA	NA	0.0	NA	0.0	0.0	0.05039529690798487
query1|unknown_host1|phage_test1	P0DTN8|Klebsiella|Bacteriophage_RAD2|Podo|RBP	no	NA	NA	NA	NA	0.0	NA	0.0	0.0	2.87948	0.25776650478930163	OUTGROUP_CAPSID_01|Escherichia_phage_T4|major_head_protein|NP_049787.1|OUTGROUP	1.49069	0.4014951680056531	0.19754222958845366	no	NA	NA	NA	NA	NA	NA	0.0	NA	0.0	0.0	0.049385557397113415
query1|unknown_host1|phage_test1	P0DTN7|Klebsiella|Bacteriophage_B1|Podo|RBP	no	NA	NA	NA	NA	0.0	NA	0.0	0.0	2.88422	0.2574519465941682	OUTGROUP_CAPSID_01|Escherichia_phage_T4|major_head_protein|NP_049787.1|OUTGROUP	1.49069	0.4014951680056531	0.19722767139332023	no	NA	NA	NA	NA	NA	NA	0.0	NA	0.0	0.0	0.04930691784833006
query1|unknown_host1|phage_test1	YP_009788589.1|Klebsiella|Bacteriophage_K5-2|Myo|RBP	no	NA	NA	NA	NA	0.0	NA	0.0	0.0	2.89738	0.25658262730347053	OUTGROUP_CAPSID_01|Escherichia_phage_T4|major_head_protein|NP_049787.1|OUTGROUP	1.49069	0.4014951680056531	0.19635835210262256	no	NA	NA	NA	NA	NA	NA	0.0	NA	0.0	0.0	0.04908958802565564
query1|unknown_host1|phage_test1	pdb_00002f0c|Lactococcus|Bacteriophage_P335|Sipho|RBP	no	NA	NA	NA	NA	0.0	NA	0.0	0.0	2.92607	0.2547076338424939	OUTGROUP_CAPSID_01|Escherichia_phage_T4|major_head_protein|NP_049787.1|OUTGROUP	1.49069	0.4014951680056531	0.19448335864164593	no	NA	NA	NA	NA	NA	NA	0.0	NA	0.0	0.0	0.04862083966041148
query1|unknown_host1|phage_test1	YP_004782195.1|Escherichia|Bacteriophage_vB_EcoP_G7C|Podo|RBP	no	NA	NA	NA	NA	0.0	NA	0.0	0.0	2.99535	0.250290963244772	OUTGROUP_CAPSID_01|Escherichia_phage_T4|major_head_protein|NP_049787.1|OUTGROUP	1.49069	0.4014951680056531	0.19006668804392404	no	NA	NA	NA	NA	NA	NA	0.0	NA	0.0	0.0	0.04751667201098101
query1|unknown_host1|phage_test1	Q9G0B4|Escherichia|Bacteriophage_AR1|Podo|RBP	no	NA	NA	NA	NA	0.0	NA	0.0	0.0	3.07381	0.2454704564032196	OUTGROUP_CAPSID_01|Escherichia_phage_T4|major_head_protein|NP_049787.1|OUTGROUP	1.49069	0.4014951680056531	0.18524618120237163	no	NA	NA	NA	NA	NA	NA	0.0	NA	0.0	0.0	0.04631154530059291
query1|unknown_host1|phage_test1	pdb_00001zru|Lactococcal|Bacteriophage_P2|Myo|RBP	no	NA	NA	NA	NA	0.0	NA	0.0	0.0	3.08128	0.24502116982907327	OUTGROUP_CAPSID_01|Escherichia_phage_T4|major_head_protein|NP_049787.1|OUTGROUP	1.49069	0.4014951680056531	0.1847968946282253	no	NA	NA	NA	NA	NA	NA	0.0	NA	0.0	0.0	0.046199223657056324
query1|unknown_host1|phage_test1	pdb_00002fsd|Lactococcus|Bacteriophage_bIL170|Sipho|RBP	no	NA	NA	NA	NA	0.0	NA	0.0	0.0	3.2827800000000003	0.23349319834313223	OUTGROUP_CAPSID_01|Escherichia_phage_T4|major_head_protein|NP_049787.1|OUTGROUP	1.49069	0.4014951680056531	0.17326892314228426	no	NA	NA	NA	NA	NA	NA	0.0	NA	0.0	0.0	0.043317230785571065
query1|unknown_host1|phage_test1	P07876|Enterobacteria|Bacteriophage_K3|Podo|RBP	no	NA	NA	NA	NA	0.0	NA	0.0	0.0	3.29185	0.23299975535025688	OUTGROUP_CAPSID_01|Escherichia_phage_T4|major_head_protein|NP_049787.1|OUTGROUP	1.49069	0.4014951680056531	0.1727754801494089	no	NA	NA	NA	NA	NA	NA	0.0	NA	0.0	0.0	0.04319387003735223
query1|unknown_host1|phage_test1	P07875|Enterobacteria|Bacteriophage_T2|Myo|RBP	no	NA	NA	NA	NA	0.0	NA	0.0	0.0	3.34737	0.23002412953118784	OUTGROUP_CAPSID_01|Escherichia_phage_T4|major_head_protein|NP_049787.1|OUTGROUP	1.49069	0.4014951680056531	0.16979985433033987	no	NA	NA	NA	NA	NA	NA	0.0	NA	0.0	0.0	0.04244996358258497
query1|unknown_host1|phage_test1	YP_001671760.1|Escherichia|Bacteriophage_PhiEco32|Podo|RBP	no	NA	NA	NA	NA	0.0	NA	0.0	0.0	3.42086	0.2262003320620875	OUTGROUP_CAPSID_01|Escherichia_phage_T4|major_head_protein|NP_049787.1|OUTGROUP	1.49069	0.4014951680056531	0.16597605686123953	no	NA	NA	NA	NA	NA	NA	0.0	NA	0.0	0.0	0.041494014215309884
query1|unknown_host1|phage_test1	M1EBB2.1|Salmonella|Salmonella_phage_vB_SenM-S16|Myo|RBP	no	NA	NA	NA	NA	0.0	NA	0.0	0.0	3.4482100000000004	0.22480953012560106	OUTGROUP_CAPSID_01|Escherichia_phage_T4|major_head_protein|NP_049787.1|OUTGROUP	1.49069	0.4014951680056531	0.1645852549247531	no	NA	NA	NA	NA	NA	NA	0.0	NA	0.0	0.0	0.04114631373118827
query1|unknown_host1|phage_test1	K9L8K6|Klebsiella|Bacteriophage_KP36|Podo|RBP	no	NA	NA	NA	NA	0.0	NA	0.0	0.0	3.6503599999999996	0.21503711540611914	OUTGROUP_CAPSID_01|Escherichia_phage_T4|major_head_protein|NP_049787.1|OUTGROUP	1.49069	0.4014951680056531	0.15481284020527117	no	NA	NA	NA	NA	NA	NA	0.0	NA	0.0	0.0	0.03870321005131779
query1|unknown_host1|phage_test1	pdb_00005efv|Staphylococcus|Bacteriophage_11|Sipho|RBP	no	NA	NA	NA	NA	0.0	NA	0.0	0.0	3.96528	0.20139851126220476	OUTGROUP_CAPSID_01|Escherichia_phage_T4|major_head_protein|NP_049787.1|OUTGROUP	1.49069	0.4014951680056531	0.1411742360613568	no	NA	NA	NA	NA	NA	NA	0.0	NA	0.0	0.0	0.0352935590153392
query1|unknown_host1|phage_test1	pdb_00006iab|Staphylococcus|Bacteriophage_P68|Sipho|RBP	no	NA	NA	NA	NA	0.0	NA	0.0	0.0	4.03873	0.19846270786487866	OUTGROUP_CAPSID_01|Escherichia_phage_T4|major_head_protein|NP_049787.1|OUTGROUP	1.49069	0.4014951680056531	0.13823843266403069	no	NA	NA	NA	NA	NA	NA	0.0	NA	0.0	0.0	0.03455960816600767
query1|unknown_host1|phage_test1	P22588|Escherichia|Bacteriophage_P1|Myo|RBP	no	NA	NA	NA	NA	0.0	NA	0.0	0.0	4.2218800000000005	0.19150191118907364	OUTGROUP_CAPSID_01|Escherichia_phage_T4|major_head_protein|NP_049787.1|OUTGROUP	1.49069	0.4014951680056531	0.13127763598822567	no	NA	NA	NA	NA	NA	NA	0.0	NA	0.0	0.0	0.03281940899705642
query1|unknown_host1|phage_test1	P23207.2|Escherichia|Bacteriophage_T5|Sipho|RBP	no	NA	NA	NA	NA	0.0	NA	0.0	0.0	4.24709	0.1905818272604434	OUTGROUP_CAPSID_01|Escherichia_phage_T4|major_head_protein|NP_049787.1|OUTGROUP	1.49069	0.4014951680056531	0.13035755205959543	no	NA	NA	NA	NA	NA	NA	0.0	NA	0.0	0.0	0.03258938801489886
query1|unknown_host1|phage_test1	YP_006382457.1|Escherichia|Bacteriophage_vB_EcoS_AKFV33|Sipho|RBP	no	NA	NA	NA	NA	0.0	NA	0.0	0.0	4.260260000000001	0.19010467163220066	OUTGROUP_CAPSID_01|Escherichia_phage_T4|major_head_protein|NP_049787.1|OUTGROUP	1.49069	0.4014951680056531	0.12988039643135268	no	NA	NA	NA	NA	NA	NA	0.0	NA	0.0	0.0	0.03247009910783817
query1|unknown_host1|phage_test1	P10930|Enterobacteria|Bacteriophage_T4|Myo|RBP	no	NA	NA	NA	NA	0.0	NA	0.0	0.0	4.34923	0.18694279363571953	OUTGROUP_CAPSID_01|Escherichia_phage_T4|major_head_protein|NP_049787.1|OUTGROUP	1.49069	0.4014951680056531	0.12671851843487156	no	NA	NA	NA	NA	NA	NA	0.0	NA	0.0	0.0	0.03167962960871789
query1|unknown_host1|phage_test1	P10308|Enterobacteria|Bacteriophage_T3|Podo|RBP	no	NA	NA	NA	NA	0.0	NA	0.0	0.0	4.42042	0.18448754893532235	OUTGROUP_CAPSID_01|Escherichia_phage_T4|major_head_protein|NP_049787.1|OUTGROUP	1.49069	0.4014951680056531	0.12426327373447438	no	NA	NA	NA	NA	NA	NA	0.0	NA	0.0	0.0	0.031065818433618594
query1|unknown_host1|phage_test1	P03748|Escherichia|Bacteriophage_T7|Podo|RBP	no	NA	NA	NA	NA	0.0	NA	0.0	0.0	4.48902	0.18218188310481653	OUTGROUP_CAPSID_01|Escherichia_phage_T4|major_head_protein|NP_049787.1|OUTGROUP	1.49069	0.4014951680056531	0.12195760790396856	no	NA	NA	NA	NA	NA	NA	0.0	NA	0.0	0.0	0.03048940197599214
query1|unknown_host1|phage_test1	pdb_0000q0pdk6|Bacillus|Bacteriophage_SPP1|Sipho|RBP	no	NA	NA	NA	NA	0.0	NA	0.0	0.0	4.6227800000000006	0.17784796844265646	OUTGROUP_CAPSID_01|Escherichia_phage_T4|major_head_protein|NP_049787.1|OUTGROUP	1.49069	0.4014951680056531	0.11762369324180849	no	NA	NA	NA	NA	NA	NA	0.0	NA	0.0	0.0	0.029405923310452123
query1|unknown_host1|phage_test1	QQG32074.1|Salmonella|Bacteriophage_vB_CkoM_CkP1|Myo|RBP	no	NA	NA	NA	NA	0.0	NA	0.0	0.0	4.67159	0.1763173995299378	OUTGROUP_CAPSID_01|Escherichia_phage_T4|major_head_protein|NP_049787.1|OUTGROUP	1.49069	0.4014951680056531	0.11609312432908983	no	NA	NA	NA	NA	NA	NA	0.0	NA	0.0	0.0	0.029023281082272458
query1|unknown_host1|phage_test1	QLF82969.1|Klebsiella|Bacteriophage_KpnM6E1|Myo|RBP	no	NA	NA	NA	NA	0.0	NA	0.0	0.0	4.70392	0.17531802690079804	OUTGROUP_CAPSID_01|Escherichia_phage_T4|major_head_protein|NP_049787.1|OUTGROUP	1.49069	0.4014951680056531	0.11509375169995006	no	NA	NA	NA	NA	NA	NA	0.0	NA	0.0	0.0	0.028773437924987516
query1|unknown_host1|phage_test1	P03744|Enterobacteria|Bacteriophage_T4|Myo|RBP	no	NA	NA	NA	NA	0.0	NA	0.0	0.0	4.76734	0.17339015906813193	OUTGROUP_CAPSID_01|Escherichia_phage_T4|major_head_protein|NP_049787.1|OUTGROUP	1.49069	0.4014951680056531	0.11316588386728396	no	NA	NA	NA	NA	NA	NA	0.0	NA	0.0	0.0	0.02829147096682099
query1|unknown_host1|phage_test1	pdb_00004rga|Lactococcus|Bacteriophage_1358|Sipho|RBP	no	NA	NA	NA	NA	0.0	NA	0.0	0.0	4.77478	0.1731667699895061	OUTGROUP_CAPSID_01|Escherichia_phage_T4|major_head_protein|NP_049787.1|OUTGROUP	1.49069	0.4014951680056531	0.11294249478865812	no	NA	NA	NA	NA	NA	NA	0.0	NA	0.0	0.0	0.02823562369716453
query1|unknown_host1|phage_test1	P07627|Enterobacteria|Bacteriophage_Ox2|Sipho|RBP	no	NA	NA	NA	NA	0.0	NA	0.0	0.0	4.78902	0.17274080932523986	OUTGROUP_CAPSID_01|Escherichia_phage_T4|major_head_protein|NP_049787.1|OUTGROUP	1.49069	0.4014951680056531	0.11251653412439189	no	NA	NA	NA	NA	NA	NA	0.0	NA	0.0	0.0	0.028129133531097972
query1|unknown_host1|phage_test1	Q775D6|Bordetella|Bacteriophage_BPP-1|Podo|RBP	no	NA	NA	NA	NA	0.0	NA	0.0	0.0	4.8686799999999995	0.17039606862190476	OUTGROUP_CAPSID_01|Escherichia_phage_T4|major_head_protein|NP_049787.1|OUTGROUP	1.49069	0.4014951680056531	0.11017179342105679	no	NA	NA	NA	NA	NA	NA	0.0	NA	0.0	0.0	0.027542948355264198
query1|unknown_host1|phage_test1	pdb_00005e7f|Lactococcus|Bacteriophage_Tuc2009|Sipho|RBP	no	NA	NA	NA	NA	0.0	NA	0.0	0.0	5.07663	0.16456489863625068	OUTGROUP_CAPSID_01|Escherichia_phage_T4|major_head_protein|NP_049787.1|OUTGROUP	1.49069	0.4014951680056531	0.10434062343540271	no	NA	NA	NA	NA	NA	NA	0.0	NA	0.0	0.0	0.026085155858850677
query1|unknown_host1|phage_test1	NP_112089.1|Enterobacteria|Bacteriophage_HK620|Sipho|RBP	no	NA	NA	NA	NA	0.0	NA	0.0	0.0	5.1162600000000005	0.16349860862684057	OUTGROUP_CAPSID_01|Escherichia_phage_T4|major_head_protein|NP_049787.1|OUTGROUP	1.49069	0.4014951680056531	0.1032743334259926	no	NA	NA	NA	NA	NA	NA	0.0	NA	0.0	0.0	0.02581858335649815
query2|unknown_host2|phage_test2	YP_654148.1|Escherichia|Bacteriophage_K1-5|Podo|RBP	yes	100.0	1.0	0.0	1692.0	0.9999999999999999	OUTGROUP_CAPSID_06|Enterobacter_phage_CC31|major_head_protein|YP_004010035.1|OUTGROUP	0.31148	0.9688519999999999	0.0	1.0	OUTGROUP_CAPSID_01|Escherichia_phage_T4|major_head_protein|NP_049787.1|OUTGROUP	1.52298	0.39635668931184553	0.9405464966032232	yes	1.0	100.0	1.001	1.0	1.0	0.0	1.0	NA	0.0	1.0	0.9742348241508058
query2|unknown_host2|phage_test2	P49714|Escherichia|Bacteriophage_K1E|Podo|RBP	yes	97.657	1.0	0.0	1658.0	0.9867758593380614	OUTGROUP_CAPSID_06|Enterobacter_phage_CC31|major_head_protein|YP_004010035.1|OUTGROUP	0.31148	0.9556278593380615	0.01837	0.9819613696397184	OUTGROUP_CAPSID_01|Escherichia_phage_T4|major_head_protein|NP_049787.1|OUTGROUP	1.52298	0.39635668931184553	0.9225078662429416	yes	0.7355	73.0	0.7523	0.744	0.744	4.566	0.6336224469996407	NA	0.0	0.6336224469996407	0.8185456961289131
query2|unknown_host2|phage_test2	Q04830|Escherichia|Bacteriophage_K1F|Podo|RBP	yes	72.115	1.0	0.0	1199.0	0.8295597104018911	OUTGROUP_CAPSID_06|Enterobacter_phage_CC31|major_head_protein|YP_004010035.1|OUTGROUP	0.31148	0.7984117104018912	0.27428	0.7847568823178579	OUTGROUP_CAPSID_01|Escherichia_phage_T4|major_head_protein|NP_049787.1|OUTGROUP	1.52298	0.39635668931184553	0.7253033789210811	yes	0.5989	67.0	0.7428	0.6818	0.5242	3.465	0.6085328331466966	NA	0.0	0.6085328331466966	0.7041830766296108
query2|unknown_host2|phage_test2	CBY99572.1|Escherichia|Bacteriophage_phi92|Myo|RBP	yes	46.272	1.0	0.0	755.0	0.6735063735224586	OUTGROUP_CAPSID_06|Enterobacter_phage_CC31|major_head_protein|YP_004010035.1|OUTGROUP	0.31148	0.6423583735224586	0.75993	0.5682044172211395	OUTGROUP_CAPSID_01|Escherichia_phage_T4|major_head_protein|NP_049787.1|OUTGROUP	1.52298	0.39635668931184553	0.5087509138243627	yes	0.6399	67.0	0.7912	0.6828	0.6062	3.961	0.6190744527313041	NA	0.0	0.6190744527313041	0.5996429402814728
query2|unknown_host2|phage_test2	YP_009168860.1|Escherichia|Bacteriophage_K1H|Podo|RBP	yes	46.52	1.0	0.0	743.0	0.6726013238770685	OUTGROUP_CAPSID_06|Enterobacter_phage_CC31|major_head_protein|YP_004010035.1|OUTGROUP	0.31148	0.6414533238770685	0.82036	0.5493418884176756	OUTGROUP_CAPSID_01|Escherichia_phage_T4|major_head_protein|NP_049787.1|OUTGROUP	1.52298	0.39635668931184553	0.4898883850208988	yes	0.63	68.0	0.7957	0.6942	0.5801	4.792	0.6203403867403314	NA	0.0	0.6203403867403314	0.5951169143083312
query2|unknown_host2|phage_test2	YP_654147.1|Escherichia|Bacteriophage_K1-5|Podo|RBP	no	NA	NA	NA	NA	0.0	OUTGROUP_CAPSID_06|Enterobacter_phage_CC31|major_head_protein|YP_004010035.1|OUTGROUP	0.31148	0.0	1.79268	0.3580789778993655	OUTGROUP_CAPSID_01|Escherichia_phage_T4|major_head_protein|NP_049787.1|OUTGROUP	1.52298	0.39635668931184553	0.2986254745025887	yes	0.2784	25.0	0.4119	0.2605	0.3194	7.093	0.27853271469170887	NA	0.0	0.27853271469170887	0.18606945450233073
query2|unknown_host2|phage_test2	O09496|Escherichia|Bacteriophage_K5|Podo|RBP	no	NA	NA	NA	NA	0.0	OUTGROUP_CAPSID_06|Enterobacter_phage_CC31|major_head_protein|YP_004010035.1|OUTGROUP	0.31148	0.0	1.80238	0.3568395435308559	OUTGROUP_CAPSID_01|Escherichia_phage_T4|major_head_protein|NP_049787.1|OUTGROUP	1.52298	0.39635668931184553	0.2973860401340791	yes	0.2776	25.0	0.4096	0.2618	0.3195	7.678	0.2768267849734962	NA	0.0	0.2768267849734962	0.18507722402291826
query2|unknown_host2|phage_test2	YP_009788589.1|Klebsiella|Bacteriophage_K5-2|Myo|RBP	no	NA	NA	NA	NA	0.0	OUTGROUP_CAPSID_06|Enterobacter_phage_CC31|major_head_protein|YP_004010035.1|OUTGROUP	0.31148	0.0	2.48075	0.28729440494146374	OUTGROUP_CAPSID_01|Escherichia_phage_T4|major_head_protein|NP_049787.1|OUTGROUP	1.52298	0.39635668931184553	0.22784090154468692	yes	0.3116	31.0	0.3957	0.3219	0.3222	6.677	0.3057118431679042	NA	0.0	0.3057118431679042	0.1792449626533334
query2|unknown_host2|phage_test2	pdb_00005efv|Staphylococcus|Bacteriophage_11|Sipho|RBP	no	NA	NA	NA	NA	0.0	OUTGROUP_CAPSID_06|Enterobacter_phage_CC31|major_head_protein|YP_004010035.1|OUTGROUP	0.31148	0.0	3.99757	0.20009724726216943	OUTGROUP_CAPSID_01|Escherichia_phage_T4|major_head_protein|NP_049787.1|OUTGROUP	1.52298	0.39635668931184553	0.1406437438653926	yes	0.3685	33.0	0.5204	0.3454	0.4175	6.7	0.354794025974026	NA	0.0	0.354794025974026	0.17707854635595854
query2|unknown_host2|phage_test2	pdb_00006iab|Staphylococcus|Bacteriophage_P68|Sipho|RBP	no	NA	NA	NA	NA	0.0	OUTGROUP_CAPSID_06|Enterobacter_phage_CC31|major_head_protein|YP_004010035.1|OUTGROUP	0.31148	0.0	4.071020000000001	0.197198985608418	OUTGROUP_CAPSID_01|Escherichia_phage_T4|major_head_protein|NP_049787.1|OUTGROUP	1.52298	0.39635668931184553	0.13774548221164118	yes	0.3729	33.0	0.4677	0.3497	0.4206	6.407	0.3421614850816795	NA	0.0	0.3421614850816795	0.17130096458558208
query2|unknown_host2|phage_test2	AEL79676.1|Escherichia|Bacteriophage_vB_EcoP_G7C|Podo|RBP	no	NA	NA	NA	NA	0.0	OUTGROUP_CAPSID_06|Enterobacter_phage_CC31|major_head_protein|YP_004010035.1|OUTGROUP	0.31148	0.0	3.75164	0.21045365389633894	OUTGROUP_CAPSID_01|Escherichia_phage_T4|major_head_protein|NP_049787.1|OUTGROUP	1.52298	0.39635668931184553	0.1510001504995621	yes	0.2612	28.0	0.3354	0.3024	0.2446	8.786	0.2722573594931535	NA	0.0	0.2722573594931535	0.14665298142215194
query2|unknown_host2|phage_test2	YP_004782195.1|Escherichia|Bacteriophage_vB_EcoP_G7C|Podo|RBP	no	NA	NA	NA	NA	0.0	OUTGROUP_CAPSID_06|Enterobacter_phage_CC31|major_head_protein|YP_004010035.1|OUTGROUP	0.31148	0.0	2.69144	0.2708969941269532	OUTGROUP_CAPSID_01|Escherichia_phage_T4|major_head_protein|NP_049787.1|OUTGROUP	1.52298	0.39635668931184553	0.21144349073017635	yes	0.2419	24.0	0.2665	0.2582	0.2492	8.517	0.23006502574340654	NA	0.0	0.23006502574340654	0.1448868829799067
query2|unknown_host2|phage_test2	P12528|Salmonella|Bacteriophage_P22|Podo|RBP	no	NA	NA	NA	NA	0.0	OUTGROUP_CAPSID_06|Enterobacter_phage_CC31|major_head_protein|YP_004010035.1|OUTGROUP	0.31148	0.0	2.74566	0.26697564648152794	OUTGROUP_CAPSID_01|Escherichia_phage_T4|major_head_protein|NP_049787.1|OUTGROUP	1.52298	0.39635668931184553	0.20752214308475112	yes	0.2237	20.0	0.3254	0.2187	0.2535	8.489	0.22804703656865843	NA	0.0	0.22804703656865843	0.14309935039865115
query2|unknown_host2|phage_test2	AUV56907.1|Staphylococcus|Bacteriophage_vB_SauM_LM12|Myo|RBP	no	NA	NA	NA	NA	0.0	OUTGROUP_CAPSID_06|Enterobacter_phage_CC31|major_head_protein|YP_004010035.1|OUTGROUP	0.31148	0.0	2.75169	0.2665465430246102	OUTGROUP_CAPSID_01|Escherichia_phage_T4|major_head_protein|NP_049787.1|OUTGROUP	1.52298	0.39635668931184553	0.2070930396278334	yes	0.2462	19.0	0.3329	0.2017	0.3171	7.313	0.22477870323589558	NA	0.0	0.22477870323589558	0.14168474120131658
query2|unknown_host2|phage_test2	APZ82848.1|Klebsiella|Bacteriophage_K5-4|Myo|RBP	no	NA	NA	NA	NA	0.0	OUTGROUP_CAPSID_06|Enterobacter_phage_CC31|major_head_protein|YP_004010035.1|OUTGROUP	0.31148	0.0	2.85192	0.25961079150138117	OUTGROUP_CAPSID_01|Escherichia_phage_T4|major_head_protein|NP_049787.1|OUTGROUP	1.52298	0.39635668931184553	0.20015728810460434	yes	0.2341	21.0	0.2904	0.2303	0.2624	8.418	0.22350593119558293	NA	0.0	0.22350593119558293	0.13944169450438426
query2|unknown_host2|phage_test2	Q858F5|Salmonella|Bacteriophage_epsilon15|Podo|RBP	no	NA	NA	NA	NA	0.0	OUTGROUP_CAPSID_06|Enterobacter_phage_CC31|major_head_protein|YP_004010035.1|OUTGROUP	0.31148	0.0	3.1061	0.24354009887728018	OUTGROUP_CAPSID_01|Escherichia_phage_T4|major_head_protein|NP_049787.1|OUTGROUP	1.52298	0.39635668931184553	0.18408659548050335	yes	0.2091	23.0	0.3066	0.2428	0.1956	8.992	0.2333960128102482	NA	0.0	0.2333960128102482	0.13938005399422512
query2|unknown_host2|phage_test2	pdb_00008xci|Escherichia|Bacteriophage_lambda|Sipho|RBP	no	NA	NA	NA	NA	0.0	OUTGROUP_CAPSID_06|Enterobacter_phage_CC31|major_head_protein|YP_004010035.1|OUTGROUP	0.31148	0.0	2.53863	0.2825952416613209	OUTGROUP_CAPSID_01|Escherichia_phage_T4|major_head_protein|NP_049787.1|OUTGROUP	1.52298	0.39635668931184553	0.22314173826454406	yes	0.1689	19.0	0.2854	0.1992	0.1532	8.649	0.20594753653228315	NA	0.0	0.20594753653228315	0.13816444917904927
query2|unknown_host2|phage_test2	pdb_00002f0c|Lactococcus|Bacteriophage_P335|Sipho|RBP	no	NA	NA	NA	NA	0.0	OUTGROUP_CAPSID_06|Enterobacter_phage_CC31|major_head_protein|YP_004010035.1|OUTGROUP	0.31148	0.0	2.9583600000000003	0.25262987701977585	OUTGROUP_CAPSID_01|Escherichia_phage_T4|major_head_protein|NP_049787.1|OUTGROUP	1.52298	0.39635668931184553	0.19317637362299903	yes	0.2252	11.0	0.4459	0.1159	0.3723	5.604	0.2220046759539673	NA	0.0	0.2220046759539673	0.13709596378733668
query2|unknown_host2|phage_test2	P20345|Bacillus|Bacteriophage_phi-29|Podo|RBP	no	NA	NA	NA	NA	0.0	OUTGROUP_CAPSID_06|Enterobacter_phage_CC31|major_head_protein|YP_004010035.1|OUTGROUP	0.31148	0.0	3.1365600000000002	0.24174676542827855	OUTGROUP_CAPSID_01|Escherichia_phage_T4|major_head_protein|NP_049787.1|OUTGROUP	1.52298	0.39635668931184553	0.18229326203150173	yes	0.2002	20.0	0.3276	0.214	0.2055	8.436	0.2264754217888936	NA	0.0	0.2264754217888936	0.13616348422343288
query2|unknown_host2|phage_test2	pdb_00002fsd|Lactococcus|Bacteriophage_bIL170|Sipho|RBP	no	NA	NA	NA	NA	0.0	OUTGROUP_CAPSID_06|Enterobacter_phage_CC31|major_head_protein|YP_004010035.1|OUTGROUP	0.31148	0.0	3.3150700000000004	0.2317459508188743	OUTGROUP_CAPSID_01|Escherichia_phage_T4|major_head_protein|NP_049787.1|OUTGROUP	1.52298	0.39635668931184553	0.17229244742209748	yes	0.2607	10.0	0.472	0.1074	0.4624	4.436	0.23209175864606327	NA	0.0	0.23209175864606327	0.1359098153139497
query2|unknown_host2|phage_test2	P0DJY6|Escherichia|Bacteriophage_Mu|Myo|RBP	no	NA	NA	NA	NA	0.0	OUTGROUP_CAPSID_06|Enterobacter_phage_CC31|major_head_protein|YP_004010035.1|OUTGROUP	0.31148	0.0	2.5814	0.2792204165968616	OUTGROUP_CAPSID_01|Escherichia_phage_T4|major_head_protein|NP_049787.1|OUTGROUP	1.52298	0.39635668931184553	0.21976691320008476	yes	0.1996	13.0	0.3184	0.1386	0.2856	6.838	0.19033671344730801	NA	0.0	0.19033671344730801	0.1310764136789444
query2|unknown_host2|phage_test2	YP_003347556.1|Klebsiella|Bacteriophage_KP32|Podo|RBP	no	NA	NA	NA	NA	0.0	OUTGROUP_CAPSID_06|Enterobacter_phage_CC31|major_head_protein|YP_004010035.1|OUTGROUP	0.31148	0.0	3.30588	0.232240564065882	OUTGROUP_CAPSID_01|Escherichia_phage_T4|major_head_protein|NP_049787.1|OUTGROUP	1.52298	0.39635668931184553	0.17278706066910518	yes	0.2369	20.0	0.2897	0.2178	0.2831	8.118	0.21774463478833075	NA	0.0	0.21774463478833075	0.13029461908260861
query2|unknown_host2|phage_test2	AEM91899.1|Escherichia|Bacteriophage_Cba120|Sipho|RBP	no	NA	NA	NA	NA	0.0	OUTGROUP_CAPSID_06|Enterobacter_phage_CC31|major_head_protein|YP_004010035.1|OUTGROUP	0.31148	0.0	3.79396	0.20859581640230623	OUTGROUP_CAPSID_01|Escherichia_phage_T4|major_head_protein|NP_049787.1|OUTGROUP	1.52298	0.39635668931184553	0.1491423130055294	yes	0.2081	22.0	0.2959	0.2383	0.1967	8.713	0.2285109605683105	NA	0.0	0.2285109605683105	0.12868996247870657
query2|unknown_host2|phage_test2	P13332|Enterobacteria|Bacteriophage_T4|Myo|RBP	no	NA	NA	NA	NA	0.0	OUTGROUP_CAPSID_06|Enterobacter_phage_CC31|major_head_protein|YP_004010035.1|OUTGROUP	0.31148	0.0	3.4759200000000003	0.22341775545586157	OUTGROUP_CAPSID_01|Escherichia_phage_T4|major_head_protein|NP_049787.1|OUTGROUP	1.52298	0.39635668931184553	0.16396425205908474	yes	0.1985	18.0	0.3341	0.1908	0.2249	7.787	0.2183908967793331	NA	0.0	0.2183908967793331	0.12834742172650443
query2|unknown_host2|phage_test2	pdb_00001zru|Lactococcal|Bacteriophage_P2|Myo|RBP	no	NA	NA	NA	NA	0.0	OUTGROUP_CAPSID_06|Enterobacter_phage_CC31|major_head_protein|YP_004010035.1|OUTGROUP	0.31148	0.0	3.11357	0.24309784445141325	OUTGROUP_CAPSID_01|Escherichia_phage_T4|major_head_protein|NP_049787.1|OUTGROUP	1.52298	0.39635668931184553	0.18364434105463642	yes	0.2298	13.0	0.357	0.1439	0.349	6.614	0.20531740215392696	NA	0.0	0.20531740215392696	0.1280380461252299
query2|unknown_host2|phage_test2	P08234|Enterobacteria|Bacteriophage_M1|Podo|RBP	no	NA	NA	NA	NA	0.0	OUTGROUP_CAPSID_06|Enterobacter_phage_CC31|major_head_protein|YP_004010035.1|OUTGROUP	0.31148	0.0	2.78989	0.2638599009469932	OUTGROUP_CAPSID_01|Escherichia_phage_T4|major_head_protein|NP_049787.1|OUTGROUP	1.52298	0.39635668931184553	0.20440639755021636	yes	0.206	12.0	0.3219	0.1307	0.3134	6.848	0.1874041997961264	NA	0.0	0.1874041997961264	0.12606327930600467
query2|unknown_host2|phage_test2	Q9XJP3|Shigella|Bacteriophage_Sf6|Podo|RBP	no	NA	NA	NA	NA	0.0	OUTGROUP_CAPSID_06|Enterobacter_phage_CC31|major_head_protein|YP_004010035.1|OUTGROUP	0.31148	0.0	3.4612600000000002	0.22415192120611666	OUTGROUP_CAPSID_01|Escherichia_phage_T4|major_head_protein|NP_049787.1|OUTGROUP	1.52298	0.39635668931184553	0.16469841780933983	yes	0.2285	20.0	0.2676	0.2144	0.2646	7.825	0.21014288951841362	NA	0.0	0.21014288951841362	0.1252317602597004
query2|unknown_host2|phage_test2	AEM91898.1|Escherichia|Bacteriophage_Cba120|Sipho|RBP	no	NA	NA	NA	NA	0.0	OUTGROUP_CAPSID_06|Enterobacter_phage_CC31|major_head_protein|YP_004010035.1|OUTGROUP	0.31148	0.0	3.92369	0.20309970773952055	OUTGROUP_CAPSID_01|Escherichia_phage_T4|major_head_protein|NP_049787.1|OUTGROUP	1.52298	0.39635668931184553	0.14364620434274372	yes	0.2286	20.0	0.2852	0.2166	0.2641	8.246	0.2154909755569976	NA	0.0	0.2154909755569976	0.12210794130848497
query2|unknown_host2|phage_test2	YP_009880322.1|Escherichia|Bacteriophage_ep75|Sipho|RBP	no	NA	NA	NA	NA	0.0	OUTGROUP_CAPSID_06|Enterobacter_phage_CC31|major_head_protein|YP_004010035.1|OUTGROUP	0.31148	0.0	4.20657	0.19206502553504515	OUTGROUP_CAPSID_01|Escherichia_phage_T4|major_head_protein|NP_049787.1|OUTGROUP	1.52298	0.39635668931184553	0.13261152213826832	yes	0.2201	21.0	0.2931	0.2244	0.2374	8.344	0.2215341095890411	NA	0.0	0.2215341095890411	0.12176652437018352
query2|unknown_host2|phage_test2	QQG32074.1|Salmonella|Bacteriophage_vB_CkoM_CkP1|Myo|RBP	no	NA	NA	NA	NA	0.0	OUTGROUP_CAPSID_06|Enterobacter_phage_CC31|major_head_protein|YP_004010035.1|OUTGROUP	0.31148	0.0	4.70388	0.1753192563658422	OUTGROUP_CAPSID_01|Escherichia_phage_T4|major_head_protein|NP_049787.1|OUTGROUP	1.52298	0.39635668931184553	0.11586575296906537	yes	0.2215	20.0	0.3159	0.2156	0.2501	7.876	0.2251026723749437	NA	0.0	0.2251026723749437	0.11900750719224383
query2|unknown_host2|phage_test2	YP_006382457.1|Escherichia|Bacteriophage_vB_EcoS_AKFV33|Sipho|RBP	no	NA	NA	NA	NA	0.0	OUTGROUP_CAPSID_06|Enterobacter_phage_CC31|major_head_protein|YP_004010035.1|OUTGROUP	0.31148	0.0	4.29255	0.1889448375546759	OUTGROUP_CAPSID_01|Escherichia_phage_T4|major_head_protein|NP_049787.1|OUTGROUP	1.52298	0.39635668931184553	0.12949133415789907	yes	0.2348	20.0	0.2839	0.2158	0.2786	7.866	0.2156280870742161	NA	0.0	0.2156280870742161	0.1186240683691612
query2|unknown_host2|phage_test2	P07876|Enterobacteria|Bacteriophage_K3|Podo|RBP	no	NA	NA	NA	NA	0.0	OUTGROUP_CAPSID_06|Enterobacter_phage_CC31|major_head_protein|YP_004010035.1|OUTGROUP	0.31148	0.0	3.32414	0.23125985745142388	OUTGROUP_CAPSID_01|Escherichia_phage_T4|major_head_protein|NP_049787.1|OUTGROUP	1.52298	0.39635668931184553	0.17180635405464706	yes	0.2058	12.0	0.3177	0.1288	0.3142	6.571	0.18612658961828027	NA	0.0	0.18612658961828027	0.11740222436097388
query2|unknown_host2|phage_test2	P07627|Enterobacteria|Bacteriophage_Ox2|Sipho|RBP	no	NA	NA	NA	NA	0.0	OUTGROUP_CAPSID_06|Enterobacter_phage_CC31|major_head_protein|YP_004010035.1|OUTGROUP	0.31148	0.0	4.82131	0.17178263998996787	OUTGROUP_CAPSID_01|Escherichia_phage_T4|major_head_protein|NP_049787.1|OUTGROUP	1.52298	0.39635668931184553	0.11232913659319105	yes	0.2245	12.0	0.4191	0.1261	0.3606	6.022	0.21726191398461975	NA	0.0	0.21726191398461975	0.11498704974214567
query2|unknown_host2|phage_test2	P03744|Enterobacteria|Bacteriophage_T4|Myo|RBP	no	NA	NA	NA	NA	0.0	OUTGROUP_CAPSID_06|Enterobacter_phage_CC31|major_head_protein|YP_004010035.1|OUTGROUP	0.31148	0.0	4.7996300000000005	0.17242479261608065	OUTGROUP_CAPSID_01|Escherichia_phage_T4|major_head_protein|NP_049787.1|OUTGROUP	1.52298	0.39635668931184553	0.11297128921930383	yes	0.197	21.0	0.2784	0.2242	0.1863	8.577	0.21650336639866347	NA	0.0	0.21650336639866347	0.11484416886429134
query2|unknown_host2|phage_test2	P22588|Escherichia|Bacteriophage_P1|Myo|RBP	no	NA	NA	NA	NA	0.0	OUTGROUP_CAPSID_06|Enterobacter_phage_CC31|major_head_protein|YP_004010035.1|OUTGROUP	0.31148	0.0	4.25417	0.19032501803329546	OUTGROUP_CAPSID_01|Escherichia_phage_T4|major_head_protein|NP_049787.1|OUTGROUP	1.52298	0.39635668931184553	0.13087151463651864	yes	0.2168	12.0	0.3497	0.1335	0.3364	6.761	0.19742987501610618	NA	0.0	0.19742987501610618	0.11168982866557213
query2|unknown_host2|phage_test2	pdb_00005e7f|Lactococcus|Bacteriophage_Tuc2009|Sipho|RBP	no	NA	NA	NA	NA	0.0	OUTGROUP_CAPSID_06|Enterobacter_phage_CC31|major_head_protein|YP_004010035.1|OUTGROUP	0.31148	0.0	5.1089199999999995	0.163695055754536	OUTGROUP_CAPSID_01|Escherichia_phage_T4|major_head_protein|NP_049787.1|OUTGROUP	1.52298	0.39635668931184553	0.10424155235775917	yes	0.2385	11.0	0.4046	0.1143	0.4029	5.498	0.20930870113881195	NA	0.0	0.20930870113881195	0.10978386854496458
query2|unknown_host2|phage_test2	NP_112089.1|Enterobacteria|Bacteriophage_HK620|Sipho|RBP	no	NA	NA	NA	NA	0.0	OUTGROUP_CAPSID_06|Enterobacter_phage_CC31|major_head_protein|YP_004010035.1|OUTGROUP	0.31148	0.0	5.14855	0.1626399720259248	OUTGROUP_CAPSID_01|Escherichia_phage_T4|major_head_protein|NP_049787.1|OUTGROUP	1.52298	0.39635668931184553	0.10318646862914799	yes	0.2203	8.0	0.4339	0.08433	0.403	5.108	0.20507894237066143	NA	0.0	0.20507894237066143	0.10782819410555157
query2|unknown_host2|phage_test2	pdb_0000q0pdk6|Bacillus|Bacteriophage_SPP1|Sipho|RBP	no	NA	NA	NA	NA	0.0	OUTGROUP_CAPSID_06|Enterobacter_phage_CC31|major_head_protein|YP_004010035.1|OUTGROUP	0.31148	0.0	4.65507	0.17683247068559715	OUTGROUP_CAPSID_01|Escherichia_phage_T4|major_head_protein|NP_049787.1|OUTGROUP	1.52298	0.39635668931184553	0.11737896728882033	yes	0.1602	17.0	0.2665	0.1883	0.1469	8.832	0.19444174125305128	NA	0.0	0.19444174125305128	0.1071214383234256
query2|unknown_host2|phage_test2	Q775D6|Bordetella|Bacteriophage_BPP-1|Podo|RBP	no	NA	NA	NA	NA	0.0	OUTGROUP_CAPSID_06|Enterobacter_phage_CC31|major_head_protein|YP_004010035.1|OUTGROUP	0.31148	0.0	4.90097	0.16946366444838729	OUTGROUP_CAPSID_01|Escherichia_phage_T4|major_head_protein|NP_049787.1|OUTGROUP	1.52298	0.39635668931184553	0.11001016105161046	yes	0.2143	15.0	0.2932	0.1609	0.2927	6.964	0.1935230085384229	NA	0.0	0.1935230085384229	0.10491174367827177
query2|unknown_host2|phage_test2	pdb_00007qlr|Clostridium|Bacteriophage_C._difficile|Sipho|RBP	no	NA	NA	NA	NA	0.0	OUTGROUP_CAPSID_06|Enterobacter_phage_CC31|major_head_protein|YP_004010035.1|OUTGROUP	0.31148	0.0	2.8286100000000003	0.2611913984448664	OUTGROUP_CAPSID_01|Escherichia_phage_T4|major_head_protein|NP_049787.1|OUTGROUP	1.52298	0.39635668931184553	0.20173789504808956	no	NA	NA	NA	NA	NA	NA	0.0	NA	0.0	0.0	0.05043447376202239
query2|unknown_host2|phage_test2	P0DTN8|Klebsiella|Bacteriophage_RAD2|Podo|RBP	no	NA	NA	NA	NA	0.0	OUTGROUP_CAPSID_06|Enterobacter_phage_CC31|major_head_protein|YP_004010035.1|OUTGROUP	0.31148	0.0	2.9117699999999997	0.2556387517671029	OUTGROUP_CAPSID_01|Escherichia_phage_T4|major_head_protein|NP_049787.1|OUTGROUP	1.52298	0.39635668931184553	0.19618524837032605	no	NA	NA	NA	NA	NA	NA	0.0	NA	0.0	0.0	0.049046312092581514
query2|unknown_host2|phage_test2	P0DTN7|Klebsiella|Bacteriophage_B1|Podo|RBP	no	NA	NA	NA	NA	0.0	OUTGROUP_CAPSID_06|Enterobacter_phage_CC31|major_head_protein|YP_004010035.1|OUTGROUP	0.31148	0.0	2.9165099999999997	0.25532936211065466	OUTGROUP_CAPSID_01|Escherichia_phage_T4|major_head_protein|NP_049787.1|OUTGROUP	1.52298	0.39635668931184553	0.19587585871387783	no	NA	NA	NA	NA	NA	NA	0.0	NA	0.0	0.0	0.04896896467846946
query2|unknown_host2|phage_test2	pdb_00005yvq|Enterobacteria|Bacteriophage_Mu|Myo|RBP	no	NA	NA	NA	NA	0.0	OUTGROUP_CAPSID_06|Enterobacter_phage_CC31|major_head_protein|YP_004010035.1|OUTGROUP	0.31148	0.0	2.9999000000000002	0.2500062501562539	OUTGROUP_CAPSID_01|Escherichia_phage_T4|major_head_protein|NP_049787.1|OUTGROUP	1.52298	0.39635668931184553	0.19055274675947706	no	NA	NA	NA	NA	NA	NA	0.0	NA	0.0	0.0	0.047638186689869265
query2|unknown_host2|phage_test2	Q9G0B4|Escherichia|Bacteriophage_AR1|Podo|RBP	no	NA	NA	NA	NA	0.0	OUTGROUP_CAPSID_06|Enterobacter_phage_CC31|major_head_protein|YP_004010035.1|OUTGROUP	0.31148	0.0	3.1061	0.24354009887728018	OUTGROUP_CAPSID_01|Escherichia_phage_T4|major_head_protein|NP_049787.1|OUTGROUP	1.52298	0.39635668931184553	0.18408659548050335	no	NA	NA	NA	NA	NA	NA	0.0	NA	0.0	0.0	0.04602164887012584
query2|unknown_host2|phage_test2	P07537|Bacillus|Bacteriophage_PZA|Podo|RBP	no	NA	NA	NA	NA	0.0	OUTGROUP_CAPSID_06|Enterobacter_phage_CC31|major_head_protein|YP_004010035.1|OUTGROUP	0.31148	0.0	3.1336500000000003	0.2419169499110955	OUTGROUP_CAPSID_01|Escherichia_phage_T4|major_head_protein|NP_049787.1|OUTGROUP	1.52298	0.39635668931184553	0.18246344651431867	no	NA	NA	NA	NA	NA	NA	0.0	NA	0.0	0.0	0.04561586162857967
query2|unknown_host2|phage_test2	P07875|Enterobacteria|Bacteriophage_T2|Myo|RBP	no	NA	NA	NA	NA	0.0	OUTGROUP_CAPSID_06|Enterobacter_phage_CC31|major_head_protein|YP_004010035.1|OUTGROUP	0.31148	0.0	3.3796600000000003	0.228328226392003	OUTGROUP_CAPSID_01|Escherichia_phage_T4|major_head_protein|NP_049787.1|OUTGROUP	1.52298	0.39635668931184553	0.16887472299522618	no	NA	NA	NA	NA	NA	NA	0.0	NA	0.0	0.0	0.042218680748806546
query2|unknown_host2|phage_test2	YP_001671760.1|Escherichia|Bacteriophage_PhiEco32|Podo|RBP	no	NA	NA	NA	NA	0.0	OUTGROUP_CAPSID_06|Enterobacter_phage_CC31|major_head_protein|YP_004010035.1|OUTGROUP	0.31148	0.0	3.45315	0.22456014282025083	OUTGROUP_CAPSID_01|Escherichia_phage_T4|major_head_protein|NP_049787.1|OUTGROUP	1.52298	0.39635668931184553	0.165106639423474	no	NA	NA	NA	NA	NA	NA	0.0	NA	0.0	0.0	0.0412766598558685
query2|unknown_host2|phage_test2	M1EBB2.1|Salmonella|Salmonella_phage_vB_SenM-S16|Myo|RBP	no	NA	NA	NA	NA	0.0	OUTGROUP_CAPSID_06|Enterobacter_phage_CC31|major_head_protein|YP_004010035.1|OUTGROUP	0.31148	0.0	3.4805	0.22318937618569357	OUTGROUP_CAPSID_01|Escherichia_phage_T4|major_head_protein|NP_049787.1|OUTGROUP	1.52298	0.39635668931184553	0.16373587278891674	no	NA	NA	NA	NA	NA	NA	0.0	NA	0.0	0.0	0.040933968197229186
query2|unknown_host2|phage_test2	AVZ45096|Escherichia|Bacteriophage_EP335|Podo|RBP	no	NA	NA	NA	NA	0.0	OUTGROUP_CAPSID_06|Enterobacter_phage_CC31|major_head_protein|YP_004010035.1|OUTGROUP	0.31148	0.0	3.5982	0.21747640381018657	OUTGROUP_CAPSID_01|Escherichia_phage_T4|major_head_protein|NP_049787.1|OUTGROUP	1.52298	0.39635668931184553	0.15802290041340974	no	NA	NA	NA	NA	NA	NA	0.0	NA	0.0	0.0	0.039505725103352436
query2|unknown_host2|phage_test2	K9L8K6|Klebsiella|Bacteriophage_KP36|Podo|RBP	no	NA	NA	NA	NA	0.0	OUTGROUP_CAPSID_06|Enterobacter_phage_CC31|major_head_protein|YP_004010035.1|OUTGROUP	0.31148	0.0	3.6826499999999998	0.2135542908395887	OUTGROUP_CAPSID_01|Escherichia_phage_T4|major_head_protein|NP_049787.1|OUTGROUP	1.52298	0.39635668931184553	0.1541007874428119	no	NA	NA	NA	NA	NA	NA	0.0	NA	0.0	0.0	0.03852519686070297
query2|unknown_host2|phage_test2	YP_512279.1|Escherichia|Bacteriophage_phiV10|Sipho|RBP	no	NA	NA	NA	NA	0.0	OUTGROUP_CAPSID_06|Enterobacter_phage_CC31|major_head_protein|YP_004010035.1|OUTGROUP	0.31148	0.0	4.00773	0.1996912772853169	OUTGROUP_CAPSID_01|Escherichia_phage_T4|major_head_protein|NP_049787.1|OUTGROUP	1.52298	0.39635668931184553	0.14023777388854008	no	NA	NA	NA	NA	NA	NA	0.0	NA	0.0	0.0	0.03505944347213502
query2|unknown_host2|phage_test2	AEM91897.1|Escherichia|Bacteriophage_Cba120|Sipho|RBP	no	NA	NA	NA	NA	0.0	OUTGROUP_CAPSID_06|Enterobacter_phage_CC31|major_head_protein|YP_004010035.1|OUTGROUP	0.31148	0.0	4.2630300000000005	0.1900046171121958	OUTGROUP_CAPSID_01|Escherichia_phage_T4|major_head_protein|NP_049787.1|OUTGROUP	1.52298	0.39635668931184553	0.13055111371541897	no	NA	NA	NA	NA	NA	NA	0.0	NA	0.0	0.0	0.03263777842885474
query2|unknown_host2|phage_test2	P23207.2|Escherichia|Bacteriophage_T5|Sipho|RBP	no	NA	NA	NA	NA	0.0	OUTGROUP_CAPSID_06|Enterobacter_phage_CC31|major_head_protein|YP_004010035.1|OUTGROUP	0.31148	0.0	4.27938	0.18941618144554853	OUTGROUP_CAPSID_01|Escherichia_phage_T4|major_head_protein|NP_049787.1|OUTGROUP	1.52298	0.39635668931184553	0.1299626780487717	no	NA	NA	NA	NA	NA	NA	0.0	NA	0.0	0.0	0.03249066951219293
query2|unknown_host2|phage_test2	P10930|Enterobacteria|Bacteriophage_T4|Myo|RBP	no	NA	NA	NA	NA	0.0	OUTGROUP_CAPSID_06|Enterobacter_phage_CC31|major_head_protein|YP_004010035.1|OUTGROUP	0.31148	0.0	4.38152	0.1858211063045385	OUTGROUP_CAPSID_01|Escherichia_phage_T4|major_head_protein|NP_049787.1|OUTGROUP	1.52298	0.39635668931184553	0.12636760290776167	no	NA	NA	NA	NA	NA	NA	0.0	NA	0.0	0.0	0.03159190072694042
query2|unknown_host2|phage_test2	P10308|Enterobacteria|Bacteriophage_T3|Podo|RBP	no	NA	NA	NA	NA	0.0	OUTGROUP_CAPSID_06|Enterobacter_phage_CC31|major_head_protein|YP_004010035.1|OUTGROUP	0.31148	0.0	4.45271	0.18339504576623367	OUTGROUP_CAPSID_01|Escherichia_phage_T4|major_head_protein|NP_049787.1|OUTGROUP	1.52298	0.39635668931184553	0.12394154236945684	no	NA	NA	NA	NA	NA	NA	0.0	NA	0.0	0.0	0.03098538559236421
query2|unknown_host2|phage_test2	P03748|Escherichia|Bacteriophage_T7|Podo|RBP	no	NA	NA	NA	NA	0.0	OUTGROUP_CAPSID_06|Enterobacter_phage_CC31|major_head_protein|YP_004010035.1|OUTGROUP	0.31148	0.0	4.52131	0.1811164379467916	OUTGROUP_CAPSID_01|Escherichia_phage_T4|major_head_protein|NP_049787.1|OUTGROUP	1.52298	0.39635668931184553	0.12166293455001478	no	NA	NA	NA	NA	NA	NA	0.0	NA	0.0	0.0	0.030415733637503696
query2|unknown_host2|phage_test2	QLF82969.1|Klebsiella|Bacteriophage_KpnM6E1|Myo|RBP	no	NA	NA	NA	NA	0.0	OUTGROUP_CAPSID_06|Enterobacter_phage_CC31|major_head_protein|YP_004010035.1|OUTGROUP	0.31148	0.0	4.73621	0.17433113501772077	OUTGROUP_CAPSID_01|Escherichia_phage_T4|major_head_protein|NP_049787.1|OUTGROUP	1.52298	0.39635668931184553	0.11487763162094394	no	NA	NA	NA	NA	NA	NA	0.0	NA	0.0	0.0	0.028719407905235986
query2|unknown_host2|phage_test2	pdb_00004rga|Lactococcus|Bacteriophage_1358|Sipho|RBP	no	NA	NA	NA	NA	0.0	OUTGROUP_CAPSID_06|Enterobacter_phage_CC31|major_head_protein|YP_004010035.1|OUTGROUP	0.31148	0.0	4.8070699999999995	0.17220388250873506	OUTGROUP_CAPSID_01|Escherichia_phage_T4|major_head_protein|NP_049787.1|OUTGROUP	1.52298	0.39635668931184553	0.11275037911195823	no	NA	NA	NA	NA	NA	NA	0.0	NA	0.0	0.0	0.028187594777989558
query3|bacillus_subtilis|Bacillus_phage_Chedec_11	pdb_00006iab|Staphylococcus|Bacteriophage_P68|Sipho|RBP	yes	33.278	0.7053990610328639	2.39e-100	319.0	0.6700024207221575	OUTGROUP_CAPSID_05|Klebsiella_phage_vB_KpnM_KpV477|major_head_protein|YP_009288862.1|OUTGROUP	0.5	0.6200024207221575	1.16625	0.46162723600692446	OUTGROUP_CAPSID_01|Escherichia_phage_T4|major_head_protein|NP_049787.1|OUTGROUP	3.2111100000000006	0.2374670811258789	0.42600717383804265	yes	0.4571	40.0	0.6268	0.408	0.5214	4.643	0.4274821407052986	OUTGROUP_CAPSID_01|Escherichia_phage_T4|major_head_protein|NP_049787.1|OUTGROUP	0.20762144527883786	0.385957851649531	0.47788578137207816
query3|bacillus_subtilis|Bacillus_phage_Chedec_11	pdb_00005efv|Staphylococcus|Bacteriophage_11|Sipho|RBP	no	NA	NA	NA	NA	0.0	OUTGROUP_CAPSID_05|Klebsiella_phage_vB_KpnM_KpV477|major_head_protein|YP_009288862.1|OUTGROUP	0.5	0.0	1.53062	0.39516007934814396	OUTGROUP_CAPSID_01|Escherichia_phage_T4|major_head_protein|NP_049787.1|OUTGROUP	3.2111100000000006	0.2374670811258789	0.3595400171792621	yes	0.4311	37.0	0.5101	0.3881	0.4938	5.61	0.3773371860816944	OUTGROUP_CAPSID_01|Escherichia_phage_T4|major_head_protein|NP_049787.1|OUTGROUP	0.20762144527883786	0.33581289702592687	0.22421016310518627
query3|bacillus_subtilis|Bacillus_phage_Chedec_11	pdb_00002fsd|Lactococcus|Bacteriophage_bIL170|Sipho|RBP	no	NA	NA	NA	NA	0.0	OUTGROUP_CAPSID_05|Klebsiella_phage_vB_KpnM_KpV477|major_head_protein|YP_009288862.1|OUTGROUP	0.5	0.0	4.7896600000000005	0.17272171422846935	OUTGROUP_CAPSID_01|Escherichia_phage_T4|major_head_protein|NP_049787.1|OUTGROUP	3.2111100000000006	0.2374670811258789	0.13710165205958752	yes	0.3493	11.0	0.7706	0.1146	0.6112	2.682	0.34279830526887556	OUTGROUP_CAPSID_01|Escherichia_phage_T4|major_head_protein|NP_049787.1|OUTGROUP	0.20762144527883786	0.301274016213108	0.1547850195001401
query3|bacillus_subtilis|Bacillus_phage_Chedec_11	YP_009168860.1|Escherichia|Bacteriophage_K1H|Podo|RBP	no	NA	NA	NA	NA	0.0	OUTGROUP_CAPSID_05|Klebsiella_phage_vB_KpnM_KpV477|major_head_protein|YP_009288862.1|OUTGROUP	0.5	0.0	4.62023	0.17792866128254536	OUTGROUP_CAPSID_01|Escherichia_phage_T4|major_head_protein|NP_049787.1|OUTGROUP	3.2111100000000006	0.2374670811258789	0.14230859911366353	yes	0.2979	31.0	0.4179	0.3255	0.2888	7.087	0.3128510498330654	OUTGROUP_CAPSID_01|Escherichia_phage_T4|major_head_protein|NP_049787.1|OUTGROUP	0.20762144527883786	0.2713267607772978	0.144107854089335
query3|bacillus_subtilis|Bacillus_phage_Chedec_11	P07537|Bacillus|Bacteriophage_PZA|Podo|RBP	no	NA	NA	NA	NA	0.0	OUTGROUP_CAPSID_05|Klebsiella_phage_vB_KpnM_KpV477|major_head_protein|YP_009288862.1|OUTGROUP	0.5	0.0	2.22816	0.30977398889770025	OUTGROUP_CAPSID_01|Escherichia_phage_T4|major_head_protein|NP_049787.1|OUTGROUP	3.2111100000000006	0.2374670811258789	0.27415392672881844	yes	0.2057	20.0	0.3362	0.2155	0.2151	8.633	0.22937196408180213	OUTGROUP_CAPSID_01|Escherichia_phage_T4|major_head_protein|NP_049787.1|OUTGROUP	0.20762144527883786	0.18784767502603456	0.14367755169261842
query3|bacillus_subtilis|Bacillus_phage_Chedec_11	P20345|Bacillus|Bacteriophage_phi-29|Podo|RBP	no	NA	NA	NA	NA	0.0	OUTGROUP_CAPSID_05|Klebsiella_phage_vB_KpnM_KpV477|major_head_protein|YP_009288862.1|OUTGROUP	0.5	0.0	2.23107	0.3094949970133733	OUTGROUP_CAPSID_01|Escherichia_phage_T4|major_head_protein|NP_049787.1|OUTGROUP	3.2111100000000006	0.2374670811258789	0.27387493484449144	yes	0.2006	20.0	0.3391	0.2101	0.2097	8.447	0.22795074203450832	OUTGROUP_CAPSID_01|Escherichia_phage_T4|major_head_protein|NP_049787.1|OUTGROUP	0.20762144527883786	0.18642645297874075	0.14303931490261917
query3|bacillus_subtilis|Bacillus_phage_Chedec_11	P0DTN7|Klebsiella|Bacteriophage_B1|Podo|RBP	no	NA	NA	NA	NA	0.0	OUTGROUP_CAPSID_05|Klebsiella_phage_vB_KpnM_KpV477|major_head_protein|YP_009288862.1|OUTGROUP	0.5	0.0	2.9714	0.2518003726645515	OUTGROUP_CAPSID_01|Escherichia_phage_T4|major_head_protein|NP_049787.1|OUTGROUP	3.2111100000000006	0.2374670811258789	0.2161803104956697	yes	0.2519	25.0	0.3177	0.2699	0.2571	8.727	0.25082132414927516	OUTGROUP_CAPSID_01|Escherichia_phage_T4|major_head_protein|NP_049787.1|OUTGROUP	0.20762144527883786	0.20929703509350758	0.13776389166132047
query3|bacillus_subtilis|Bacillus_phage_Chedec_11	AEL79676.1|Escherichia|Bacteriophage_vB_EcoP_G7C|Podo|RBP	no	NA	NA	NA	NA	0.0	OUTGROUP_CAPSID_05|Klebsiella_phage_vB_KpnM_KpV477|major_head_protein|YP_009288862.1|OUTGROUP	0.5	0.0	3.80653	0.20805029824010252	OUTGROUP_CAPSID_01|Escherichia_phage_T4|major_head_protein|NP_049787.1|OUTGROUP	3.2111100000000006	0.2374670811258789	0.17243023607122068	yes	0.2691	29.0	0.3402	0.3054	0.256	8.573	0.27565209234304816	OUTGROUP_CAPSID_01|Escherichia_phage_T4|major_head_protein|NP_049787.1|OUTGROUP	0.20762144527883786	0.23412780328728058	0.1367586803327174
query3|bacillus_subtilis|Bacillus_phage_Chedec_11	YP_009788589.1|Klebsiella|Bacteriophage_K5-2|Myo|RBP	no	NA	NA	NA	NA	0.0	OUTGROUP_CAPSID_05|Klebsiella_phage_vB_KpnM_KpV477|major_head_protein|YP_009288862.1|OUTGROUP	0.5	0.0	4.7164	0.174935273948639	OUTGROUP_CAPSID_01|Escherichia_phage_T4|major_head_protein|NP_049787.1|OUTGROUP	3.2111100000000006	0.2374670811258789	0.13931521177975717	yes	0.2738	26.0	0.3707	0.2769	0.289	6.798	0.2753076019492177	OUTGROUP_CAPSID_01|Escherichia_phage_T4|major_head_protein|NP_049787.1|OUTGROUP	0.20762144527883786	0.23378331289345014	0.12834212810231935
query3|bacillus_subtilis|Bacillus_phage_Chedec_11	AUV56907.1|Staphylococcus|Bacteriophage_vB_SauM_LM12|Myo|RBP	no	NA	NA	NA	NA	0.0	OUTGROUP_CAPSID_05|Klebsiella_phage_vB_KpnM_KpV477|major_head_protein|YP_009288862.1|OUTGROUP	0.5	0.0	4.53842	0.18055690973237853	OUTGROUP_CAPSID_01|Escherichia_phage_T4|major_head_protein|NP_049787.1|OUTGROUP	3.2111100000000006	0.2374670811258789	0.1449368475634967	yes	0.2956	22.0	0.4258	0.2342	0.3872	6.968	0.2699404016064257	OUTGROUP_CAPSID_01|Escherichia_phage_T4|major_head_protein|NP_049787.1|OUTGROUP	0.20762144527883786	0.2284161125506581	0.12760065691113742
query3|bacillus_subtilis|Bacillus_phage_Chedec_11	K9L8K6|Klebsiella|Bacteriophage_KP36|Podo|RBP	no	NA	NA	NA	NA	0.0	OUTGROUP_CAPSID_05|Klebsiella_phage_vB_KpnM_KpV477|major_head_protein|YP_009288862.1|OUTGROUP	0.5	0.0	3.73754	0.21108001198934467	OUTGROUP_CAPSID_01|Escherichia_phage_T4|major_head_protein|NP_049787.1|OUTGROUP	3.2111100000000006	0.2374670811258789	0.17545994982046284	yes	0.2275	23.0	0.3573	0.2403	0.2336	8.171	0.24914787264202376	OUTGROUP_CAPSID_01|Escherichia_phage_T4|major_head_protein|NP_049787.1|OUTGROUP	0.20762144527883786	0.20762358358625618	0.12691442088961818
query3|bacillus_subtilis|Bacillus_phage_Chedec_11	pdb_00001zru|Lactococcal|Bacteriophage_P2|Myo|RBP	no	NA	NA	NA	NA	0.0	OUTGROUP_CAPSID_05|Klebsiella_phage_vB_KpnM_KpV477|major_head_protein|YP_009288862.1|OUTGROUP	0.5	0.0	4.58816	0.17894977953387162	OUTGROUP_CAPSID_01|Escherichia_phage_T4|major_head_protein|NP_049787.1|OUTGROUP	3.2111100000000006	0.2374670811258789	0.14332971736498978	yes	0.284	14.0	0.5082	0.1511	0.436	4.669	0.26328959075674724	OUTGROUP_CAPSID_01|Escherichia_phage_T4|major_head_protein|NP_049787.1|OUTGROUP	0.20762144527883786	0.22176530170097966	0.12453855002163931
query3|bacillus_subtilis|Bacillus_phage_Chedec_11	YP_003347556.1|Klebsiella|Bacteriophage_KP32|Podo|RBP	no	NA	NA	NA	NA	0.0	OUTGROUP_CAPSID_05|Klebsiella_phage_vB_KpnM_KpV477|major_head_protein|YP_009288862.1|OUTGROUP	0.5	0.0	3.36077	0.22931729946775453	OUTGROUP_CAPSID_01|Escherichia_phage_T4|major_head_protein|NP_049787.1|OUTGROUP	3.2111100000000006	0.2374670811258789	0.1936972372988727	yes	0.2457	20.0	0.3333	0.2182	0.2978	7.956	0.2314213979455114	OUTGROUP_CAPSID_01|Escherichia_phage_T4|major_head_protein|NP_049787.1|OUTGROUP	0.20762144527883786	0.18989710888974382	0.12438315288061572
query3|bacillus_subtilis|Bacillus_phage_Chedec_11	QLF82969.1|Klebsiella|Bacteriophage_KpnM6E1|Myo|RBP	no	NA	NA	NA	NA	0.0	OUTGROUP_CAPSID_05|Klebsiella_phage_vB_KpnM_KpV477|major_head_protein|YP_009288862.1|OUTGROUP	0.5	0.0	4.7911	0.17267876569218282	OUTGROUP_CAPSID_01|Escherichia_phage_T4|major_head_protein|NP_049787.1|OUTGROUP	3.2111100000000006	0.2374670811258789	0.137058703523301	yes	0.2185	8.0	0.6135	0.08553	0.3719	4.222	0.26511450210647264	OUTGROUP_CAPSID_01|Escherichia_phage_T4|major_head_protein|NP_049787.1|OUTGROUP	0.20762144527883786	0.22359021305070506	0.12370076110110728
query3|bacillus_subtilis|Bacillus_phage_Chedec_11	YP_512279.1|Escherichia|Bacteriophage_phiV10|Sipho|RBP	no	NA	NA	NA	NA	0.0	OUTGROUP_CAPSID_05|Klebsiella_phage_vB_KpnM_KpV477|major_head_protein|YP_009288862.1|OUTGROUP	0.5	0.0	4.06262	0.19752618209543676	OUTGROUP_CAPSID_01|Escherichia_phage_T4|major_head_protein|NP_049787.1|OUTGROUP	3.2111100000000006	0.2374670811258789	0.16190611992655493	yes	0.2356	23.0	0.3484	0.2489	0.2441	8.763	0.24945550650414833	OUTGROUP_CAPSID_01|Escherichia_phage_T4|major_head_protein|NP_049787.1|OUTGROUP	0.20762144527883786	0.20793121744838075	0.12364901696099104
query3|bacillus_subtilis|Bacillus_phage_Chedec_11	YP_009880322.1|Escherichia|Bacteriophage_ep75|Sipho|RBP	no	NA	NA	NA	NA	0.0	OUTGROUP_CAPSID_05|Klebsiella_phage_vB_KpnM_KpV477|major_head_protein|YP_009288862.1|OUTGROUP	0.5	0.0	4.26146	0.19006131377982538	OUTGROUP_CAPSID_01|Escherichia_phage_T4|major_head_protein|NP_049787.1|OUTGROUP	3.2111100000000006	0.2374670811258789	0.15444125161094355	yes	0.2553	24.0	0.3469	0.2534	0.2795	7.813	0.2534637478724611	OUTGROUP_CAPSID_01|Escherichia_phage_T4|major_head_protein|NP_049787.1|OUTGROUP	0.20762144527883786	0.21193945881669354	0.12338609642941331
query3|bacillus_subtilis|Bacillus_phage_Chedec_11	AEM91898.1|Escherichia|Bacteriophage_Cba120|Sipho|RBP	no	NA	NA	NA	NA	0.0	OUTGROUP_CAPSID_05|Klebsiella_phage_vB_KpnM_KpV477|major_head_protein|YP_009288862.1|OUTGROUP	0.5	0.0	3.97858	0.2008604863234095	OUTGROUP_CAPSID_01|Escherichia_phage_T4|major_head_protein|NP_049787.1|OUTGROUP	3.2111100000000006	0.2374670811258789	0.16524042415452767	yes	0.2526	22.0	0.3308	0.2321	0.2968	7.682	0.23832616678184748	OUTGROUP_CAPSID_01|Escherichia_phage_T4|major_head_protein|NP_049787.1|OUTGROUP	0.20762144527883786	0.1968018777260799	0.12003085712906389
query3|bacillus_subtilis|Bacillus_phage_Chedec_11	P0DJY6|Escherichia|Bacteriophage_Mu|Myo|RBP	no	NA	NA	NA	NA	0.0	OUTGROUP_CAPSID_05|Klebsiella_phage_vB_KpnM_KpV477|major_head_protein|YP_009288862.1|OUTGROUP	0.5	0.0	4.368130000000001	0.18628460935185992	OUTGROUP_CAPSID_01|Escherichia_phage_T4|major_head_protein|NP_049787.1|OUTGROUP	3.2111100000000006	0.2374670811258789	0.1506645471829781	yes	0.259	16.0	0.4395	0.1673	0.3758	5.495	0.24629291762894534	OUTGROUP_CAPSID_01|Escherichia_phage_T4|major_head_protein|NP_049787.1|OUTGROUP	0.20762144527883786	0.20476862857317776	0.11957358822501563
query3|bacillus_subtilis|Bacillus_phage_Chedec_11	AEM91897.1|Escherichia|Bacteriophage_Cba120|Sipho|RBP	no	NA	NA	NA	NA	0.0	OUTGROUP_CAPSID_05|Klebsiella_phage_vB_KpnM_KpV477|major_head_protein|YP_009288862.1|OUTGROUP	0.5	0.0	4.31792	0.18804344555766164	OUTGROUP_CAPSID_01|Escherichia_phage_T4|major_head_protein|NP_049787.1|OUTGROUP	3.2111100000000006	0.2374670811258789	0.1524233833887798	yes	0.2417	24.0	0.2973	0.2609	0.2461	8.935	0.23977085052843483	OUTGROUP_CAPSID_01|Escherichia_phage_T4|major_head_protein|NP_049787.1|OUTGROUP	0.20762144527883786	0.19824656147266725	0.11740447043626186
query3|bacillus_subtilis|Bacillus_phage_Chedec_11	Q858F5|Salmonella|Bacteriophage_epsilon15|Podo|RBP	no	NA	NA	NA	NA	0.0	OUTGROUP_CAPSID_05|Klebsiella_phage_vB_KpnM_KpV477|major_head_protein|YP_009288862.1|OUTGROUP	0.5	0.0	4.580690000000001	0.17918931171593475	OUTGROUP_CAPSID_01|Escherichia_phage_T4|major_head_protein|NP_049787.1|OUTGROUP	3.2111100000000006	0.2374670811258789	0.1435692495470529	yes	0.2201	23.0	0.3235	0.2513	0.2113	9.342	0.24203861922258751	OUTGROUP_CAPSID_01|Escherichia_phage_T4|major_head_protein|NP_049787.1|OUTGROUP	0.20762144527883786	0.20051433016681994	0.11609804445349121
query3|bacillus_subtilis|Bacillus_phage_Chedec_11	YP_654147.1|Escherichia|Bacteriophage_K1-5|Podo|RBP	no	NA	NA	NA	NA	0.0	OUTGROUP_CAPSID_05|Klebsiella_phage_vB_KpnM_KpV477|major_head_protein|YP_009288862.1|OUTGROUP	0.5	0.0	4.46797	0.182883227230581	OUTGROUP_CAPSID_01|Escherichia_phage_T4|major_head_protein|NP_049787.1|OUTGROUP	3.2111100000000006	0.2374670811258789	0.14726316506169917	yes	0.2292	20.0	0.3638	0.2119	0.2685	7.842	0.23770931689662972	OUTGROUP_CAPSID_01|Escherichia_phage_T4|major_head_protein|NP_049787.1|OUTGROUP	0.20762144527883786	0.19618502784086214	0.11528980240176966
query3|bacillus_subtilis|Bacillus_phage_Chedec_11	Q04830|Escherichia|Bacteriophage_K1F|Podo|RBP	no	NA	NA	NA	NA	0.0	OUTGROUP_CAPSID_05|Klebsiella_phage_vB_KpnM_KpV477|major_head_protein|YP_009288862.1|OUTGROUP	0.5	0.0	4.07415	0.1970773430032616	OUTGROUP_CAPSID_01|Escherichia_phage_T4|major_head_protein|NP_049787.1|OUTGROUP	3.2111100000000006	0.2374670811258789	0.16145728083437977	yes	0.2222	24.0	0.2727	0.2525	0.2134	8.929	0.2282030154094068	OUTGROUP_CAPSID_01|Escherichia_phage_T4|major_head_protein|NP_049787.1|OUTGROUP	0.20762144527883786	0.18667872635363922	0.11503581075005063
query3|bacillus_subtilis|Bacillus_phage_Chedec_11	pdb_00008xci|Escherichia|Bacteriophage_lambda|Sipho|RBP	no	NA	NA	NA	NA	0.0	OUTGROUP_CAPSID_05|Klebsiella_phage_vB_KpnM_KpV477|major_head_protein|YP_009288862.1|OUTGROUP	0.5	0.0	4.2267600000000005	0.19132311412806402	OUTGROUP_CAPSID_01|Escherichia_phage_T4|major_head_protein|NP_049787.1|OUTGROUP	3.2111100000000006	0.2374670811258789	0.1557030519591822	yes	0.2128	23.0	0.2933	0.2472	0.1974	8.957	0.23167637139700714	OUTGROUP_CAPSID_01|Escherichia_phage_T4|major_head_protein|NP_049787.1|OUTGROUP	0.20762144527883786	0.19015208234123956	0.11498659592629137
query3|bacillus_subtilis|Bacillus_phage_Chedec_11	APZ82848.1|Klebsiella|Bacteriophage_K5-4|Myo|RBP	no	NA	NA	NA	NA	0.0	OUTGROUP_CAPSID_05|Klebsiella_phage_vB_KpnM_KpV477|major_head_protein|YP_009288862.1|OUTGROUP	0.5	0.0	4.540050000000001	0.18050378606691272	OUTGROUP_CAPSID_01|Escherichia_phage_T4|major_head_protein|NP_049787.1|OUTGROUP	3.2111100000000006	0.2374670811258789	0.1448837238980309	yes	0.24	22.0	0.324	0.2315	0.2735	8.494	0.23401593638087215	OUTGROUP_CAPSID_01|Escherichia_phage_T4|major_head_protein|NP_049787.1|OUTGROUP	0.20762144527883786	0.19249164732510457	0.11321758990454955
query3|bacillus_subtilis|Bacillus_phage_Chedec_11	AEM91899.1|Escherichia|Bacteriophage_Cba120|Sipho|RBP	no	NA	NA	NA	NA	0.0	OUTGROUP_CAPSID_05|Klebsiella_phage_vB_KpnM_KpV477|major_head_protein|YP_009288862.1|OUTGROUP	0.5	0.0	3.8488499999999997	0.20623446796663128	OUTGROUP_CAPSID_01|Escherichia_phage_T4|major_head_protein|NP_049787.1|OUTGROUP	3.2111100000000006	0.2374670811258789	0.17061440579774945	yes	0.2	21.0	0.2843	0.2252	0.1944	9.099	0.21769394098425587	OUTGROUP_CAPSID_01|Escherichia_phage_T4|major_head_protein|NP_049787.1|OUTGROUP	0.20762144527883786	0.1761696519284883	0.11312146222083268
query3|bacillus_subtilis|Bacillus_phage_Chedec_11	QQG32074.1|Salmonella|Bacteriophage_vB_CkoM_CkP1|Myo|RBP	no	NA	NA	NA	NA	0.0	OUTGROUP_CAPSID_05|Klebsiella_phage_vB_KpnM_KpV477|major_head_protein|YP_009288862.1|OUTGROUP	0.5	0.0	4.75877	0.1736481922354947	OUTGROUP_CAPSID_01|Escherichia_phage_T4|major_head_protein|NP_049787.1|OUTGROUP	3.2111100000000006	0.2374670811258789	0.13802813006661288	yes	0.2236	20.0	0.3495	0.213	0.2564	7.972	0.23364157378510922	OUTGROUP_CAPSID_01|Escherichia_phage_T4|major_head_protein|NP_049787.1|OUTGROUP	0.20762144527883786	0.19211728472934164	0.11135394640838989
query3|bacillus_subtilis|Bacillus_phage_Chedec_11	P12528|Salmonella|Bacteriophage_P22|Podo|RBP	no	NA	NA	NA	NA	0.0	OUTGROUP_CAPSID_05|Klebsiella_phage_vB_KpnM_KpV477|major_head_protein|YP_009288862.1|OUTGROUP	0.5	0.0	4.43379	0.1840336118988772	OUTGROUP_CAPSID_01|Escherichia_phage_T4|major_head_protein|NP_049787.1|OUTGROUP	3.2111100000000006	0.2374670811258789	0.14841354972999538	yes	0.2377	21.0	0.3081	0.2263	0.2738	8.385	0.22689060202450717	OUTGROUP_CAPSID_01|Escherichia_phage_T4|major_head_protein|NP_049787.1|OUTGROUP	0.20762144527883786	0.1853663129687396	0.11124991261999469
query3|bacillus_subtilis|Bacillus_phage_Chedec_11	P22588|Escherichia|Bacteriophage_P1|Myo|RBP	no	NA	NA	NA	NA	0.0	OUTGROUP_CAPSID_05|Klebsiella_phage_vB_KpnM_KpV477|major_head_protein|YP_009288862.1|OUTGROUP	0.5	0.0	4.30906	0.1883572609840537	OUTGROUP_CAPSID_01|Escherichia_phage_T4|major_head_protein|NP_049787.1|OUTGROUP	3.2111100000000006	0.2374670811258789	0.15273719881517187	yes	0.2354	13.0	0.4234	0.1358	0.3685	6.159	0.22285686269031987	OUTGROUP_CAPSID_01|Escherichia_phage_T4|major_head_protein|NP_049787.1|OUTGROUP	0.20762144527883786	0.1813325736345523	0.1107173291576139
query3|bacillus_subtilis|Bacillus_phage_Chedec_11	YP_004782195.1|Escherichia|Bacteriophage_vB_EcoP_G7C|Podo|RBP	no	NA	NA	NA	NA	0.0	OUTGROUP_CAPSID_05|Klebsiella_phage_vB_KpnM_KpV477|major_head_protein|YP_009288862.1|OUTGROUP	0.5	0.0	4.81437	0.17198767880269056	OUTGROUP_CAPSID_01|Escherichia_phage_T4|major_head_protein|NP_049787.1|OUTGROUP	3.2111100000000006	0.2374670811258789	0.13636761663380872	yes	0.2367	23.0	0.2948	0.2491	0.2493	9.357	0.23230061118084389	OUTGROUP_CAPSID_01|Escherichia_phage_T4|major_head_protein|NP_049787.1|OUTGROUP	0.20762144527883786	0.1907763221250763	0.11040243300848271
query3|bacillus_subtilis|Bacillus_phage_Chedec_11	Q9XJP3|Shigella|Bacteriophage_Sf6|Podo|RBP	no	NA	NA	NA	NA	0.0	OUTGROUP_CAPSID_05|Klebsiella_phage_vB_KpnM_KpV477|major_head_protein|YP_009288862.1|OUTGROUP	0.5	0.0	5.14939	0.162617755582261	OUTGROUP_CAPSID_01|Escherichia_phage_T4|major_head_protein|NP_049787.1|OUTGROUP	3.2111100000000006	0.2374670811258789	0.12699769341337916	yes	0.2571	22.0	0.3204	0.2346	0.3025	7.301	0.23751348271292616	OUTGROUP_CAPSID_01|Escherichia_phage_T4|major_head_protein|NP_049787.1|OUTGROUP	0.20762144527883786	0.19598919365715858	0.11014510081620824
query3|bacillus_subtilis|Bacillus_phage_Chedec_11	AVZ45096|Escherichia|Bacteriophage_EP335|Podo|RBP	no	NA	NA	NA	NA	0.0	OUTGROUP_CAPSID_05|Klebsiella_phage_vB_KpnM_KpV477|major_head_protein|YP_009288862.1|OUTGROUP	0.5	0.0	3.6530899999999997	0.214910951647185	OUTGROUP_CAPSID_01|Escherichia_phage_T4|major_head_protein|NP_049787.1|OUTGROUP	3.2111100000000006	0.2374670811258789	0.17929088947830316	yes	0.1905	17.0	0.2919	0.1874	0.2112	8.321	0.2027269252226156	OUTGROUP_CAPSID_01|Escherichia_phage_T4|major_head_protein|NP_049787.1|OUTGROUP	0.20762144527883786	0.16120263616684802	0.10930377683631501
query3|bacillus_subtilis|Bacillus_phage_Chedec_11	YP_001671760.1|Escherichia|Bacteriophage_PhiEco32|Podo|RBP	no	NA	NA	NA	NA	0.0	OUTGROUP_CAPSID_05|Klebsiella_phage_vB_KpnM_KpV477|major_head_protein|YP_009288862.1|OUTGROUP	0.5	0.0	3.5080400000000003	0.22182589329287228	OUTGROUP_CAPSID_01|Escherichia_phage_T4|major_head_protein|NP_049787.1|OUTGROUP	3.2111100000000006	0.2374670811258789	0.18620583112399045	yes	0.2014	18.0	0.2529	0.1962	0.2242	7.819	0.19664830819820844	OUTGROUP_CAPSID_01|Escherichia_phage_T4|major_head_protein|NP_049787.1|OUTGROUP	0.20762144527883786	0.15512401914244087	0.10860106543797396
query3|bacillus_subtilis|Bacillus_phage_Chedec_11	O09496|Escherichia|Bacteriophage_K5|Podo|RBP	no	NA	NA	NA	NA	0.0	OUTGROUP_CAPSID_05|Klebsiella_phage_vB_KpnM_KpV477|major_head_protein|YP_009288862.1|OUTGROUP	0.5	0.0	4.47767	0.18255937287204232	OUTGROUP_CAPSID_01|Escherichia_phage_T4|major_head_protein|NP_049787.1|OUTGROUP	3.2111100000000006	0.2374670811258789	0.1469393107031605	yes	0.2118	18.0	0.336	0.1977	0.249	8.36	0.22101752136752137	OUTGROUP_CAPSID_01|Escherichia_phage_T4|major_head_protein|NP_049787.1|OUTGROUP	0.20762144527883786	0.1794932323117538	0.10853212060049164
query3|bacillus_subtilis|Bacillus_phage_Chedec_11	CBY99572.1|Escherichia|Bacteriophage_phi92|Myo|RBP	no	NA	NA	NA	NA	0.0	OUTGROUP_CAPSID_05|Klebsiella_phage_vB_KpnM_KpV477|major_head_protein|YP_009288862.1|OUTGROUP	0.5	0.0	4.5598	0.1798625849850714	OUTGROUP_CAPSID_01|Escherichia_phage_T4|major_head_protein|NP_049787.1|OUTGROUP	3.2111100000000006	0.2374670811258789	0.14424252281618957	yes	0.2065	21.0	0.2779	0.2193	0.2055	6.29	0.22045484224965703	OUTGROUP_CAPSID_01|Escherichia_phage_T4|major_head_protein|NP_049787.1|OUTGROUP	0.20762144527883786	0.17893055319388945	0.10763285198160319
query3|bacillus_subtilis|Bacillus_phage_Chedec_11	P49714|Escherichia|Bacteriophage_K1E|Podo|RBP	no	NA	NA	NA	NA	0.0	OUTGROUP_CAPSID_05|Klebsiella_phage_vB_KpnM_KpV477|major_head_protein|YP_009288862.1|OUTGROUP	0.5	0.0	4.02534	0.1989915110221398	OUTGROUP_CAPSID_01|Escherichia_phage_T4|major_head_protein|NP_049787.1|OUTGROUP	3.2111100000000006	0.2374670811258789	0.16337144885325797	yes	0.1998	19.0	0.2736	0.2053	0.2132	8.414	0.20597495432334822	OUTGROUP_CAPSID_01|Escherichia_phage_T4|major_head_protein|NP_049787.1|OUTGROUP	0.20762144527883786	0.16445066526758065	0.10662312832034676
query3|bacillus_subtilis|Bacillus_phage_Chedec_11	YP_006382457.1|Escherichia|Bacteriophage_vB_EcoS_AKFV33|Sipho|RBP	no	NA	NA	NA	NA	0.0	OUTGROUP_CAPSID_05|Klebsiella_phage_vB_KpnM_KpV477|major_head_protein|YP_009288862.1|OUTGROUP	0.5	0.0	4.34744	0.18700537079424923	OUTGROUP_CAPSID_01|Escherichia_phage_T4|major_head_protein|NP_049787.1|OUTGROUP	3.2111100000000006	0.2374670811258789	0.1513853086253674	yes	0.1878	16.0	0.3486	0.1685	0.2264	7.635	0.2119915518239722	OUTGROUP_CAPSID_01|Escherichia_phage_T4|major_head_protein|NP_049787.1|OUTGROUP	0.20762144527883786	0.17046726276820462	0.10603323226362371
query3|bacillus_subtilis|Bacillus_phage_Chedec_11	pdb_00002f0c|Lactococcus|Bacteriophage_P335|Sipho|RBP	no	NA	NA	NA	NA	0.0	OUTGROUP_CAPSID_05|Klebsiella_phage_vB_KpnM_KpV477|major_head_protein|YP_009288862.1|OUTGROUP	0.5	0.0	4.43295	0.18406206572856368	OUTGROUP_CAPSID_01|Escherichia_phage_T4|major_head_protein|NP_049787.1|OUTGROUP	3.2111100000000006	0.2374670811258789	0.14844200355968185	yes	0.224	10.0	0.4032	0.1055	0.3723	5.281	0.2055520633657061	OUTGROUP_CAPSID_01|Escherichia_phage_T4|major_head_protein|NP_049787.1|OUTGROUP	0.20762144527883786	0.16402777430993853	0.10272161061389588
query3|bacillus_subtilis|Bacillus_phage_Chedec_11	pdb_00005e7f|Lactococcus|Bacteriophage_Tuc2009|Sipho|RBP	no	NA	NA	NA	NA	0.0	OUTGROUP_CAPSID_05|Klebsiella_phage_vB_KpnM_KpV477|major_head_protein|YP_009288862.1|OUTGROUP	0.5	0.0	5.16381	0.16223731750329748	OUTGROUP_CAPSID_01|Escherichia_phage_T4|major_head_protein|NP_049787.1|OUTGROUP	3.2111100000000006	0.2374670811258789	0.12661725533441565	yes	0.2511	11.0	0.4323	0.119	0.4289	5.713	0.2189829390734396	OUTGROUP_CAPSID_01|Escherichia_phage_T4|major_head_protein|NP_049787.1|OUTGROUP	0.20762144527883786	0.17745865001767203	0.10263777384067273
query3|bacillus_subtilis|Bacillus_phage_Chedec_11	P03744|Enterobacteria|Bacteriophage_T4|Myo|RBP	no	NA	NA	NA	NA	0.0	OUTGROUP_CAPSID_05|Klebsiella_phage_vB_KpnM_KpV477|major_head_protein|YP_009288862.1|OUTGROUP	0.5	0.0	4.85452	0.17080819606047976	OUTGROUP_CAPSID_01|Escherichia_phage_T4|major_head_protein|NP_049787.1|OUTGROUP	3.2111100000000006	0.2374670811258789	0.13518813389159792	yes	0.197	21.0	0.2679	0.2204	0.191	8.795	0.21098858090862688	OUTGROUP_CAPSID_01|Escherichia_phage_T4|major_head_protein|NP_049787.1|OUTGROUP	0.20762144527883786	0.1694642918528593	0.1015827502140432
query3|bacillus_subtilis|Bacillus_phage_Chedec_11	YP_654148.1|Escherichia|Bacteriophage_K1-5|Podo|RBP	no	NA	NA	NA	NA	0.0	OUTGROUP_CAPSID_05|Klebsiella_phage_vB_KpnM_KpV477|major_head_protein|YP_009288862.1|OUTGROUP	0.5	0.0	4.02127	0.19915280397190352	OUTGROUP_CAPSID_01|Escherichia_phage_T4|major_head_protein|NP_049787.1|OUTGROUP	3.2111100000000006	0.2374670811258789	0.1635327418030217	yes	0.1904	18.0	0.2416	0.1956	0.2033	8.66	0.190983933747412	OUTGROUP_CAPSID_01|Escherichia_phage_T4|major_head_protein|NP_049787.1|OUTGROUP	0.20762144527883786	0.1494596446916444	0.10066704332741319
query3|bacillus_subtilis|Bacillus_phage_Chedec_11	pdb_0000q0pdk6|Bacillus|Bacteriophage_SPP1|Sipho|RBP	no	NA	NA	NA	NA	0.0	OUTGROUP_CAPSID_05|Klebsiella_phage_vB_KpnM_KpV477|major_head_protein|YP_009288862.1|OUTGROUP	0.5	0.0	4.70996	0.17513257535954718	OUTGROUP_CAPSID_01|Escherichia_phage_T4|major_head_protein|NP_049787.1|OUTGROUP	3.2111100000000006	0.2374670811258789	0.13951251319066535	yes	0.1887	20.0	0.2525	0.218	0.1775	9.304	0.20415993788819875	OUTGROUP_CAPSID_01|Escherichia_phage_T4|major_head_protein|NP_049787.1|OUTGROUP	0.20762144527883786	0.16263564883243117	0.09993238783063882
query3|bacillus_subtilis|Bacillus_phage_Chedec_11	Q775D6|Bordetella|Bacteriophage_BPP-1|Podo|RBP	no	NA	NA	NA	NA	0.0	OUTGROUP_CAPSID_05|Klebsiella_phage_vB_KpnM_KpV477|major_head_protein|YP_009288862.1|OUTGROUP	0.5	0.0	4.9558599999999995	0.16790186471810958	OUTGROUP_CAPSID_01|Escherichia_phage_T4|major_head_protein|NP_049787.1|OUTGROUP	3.2111100000000006	0.2374670811258789	0.13228180254922775	yes	0.2265	15.0	0.3233	0.1647	0.3149	6.823	0.20490563978013548	OUTGROUP_CAPSID_01|Escherichia_phage_T4|major_head_protein|NP_049787.1|OUTGROUP	0.20762144527883786	0.1633813507243679	0.09842299092705412
query3|bacillus_subtilis|Bacillus_phage_Chedec_11	P08234|Enterobacteria|Bacteriophage_M1|Podo|RBP	no	NA	NA	NA	NA	0.0	OUTGROUP_CAPSID_05|Klebsiella_phage_vB_KpnM_KpV477|major_head_protein|YP_009288862.1|OUTGROUP	0.5	0.0	4.478020000000001	0.18254770884370627	OUTGROUP_CAPSID_01|Escherichia_phage_T4|major_head_protein|NP_049787.1|OUTGROUP	3.2111100000000006	0.2374670811258789	0.14692764667482444	yes	0.1996	11.0	0.3405	0.1191	0.3073	6.475	0.18845585284280938	OUTGROUP_CAPSID_01|Escherichia_phage_T4|major_head_protein|NP_049787.1|OUTGROUP	0.20762144527883786	0.1469315637870418	0.09550453718352284
query3|bacillus_subtilis|Bacillus_phage_Chedec_11	P13332|Enterobacteria|Bacteriophage_T4|Myo|RBP	no	NA	NA	NA	NA	0.0	OUTGROUP_CAPSID_05|Klebsiella_phage_vB_KpnM_KpV477|major_head_protein|YP_009288862.1|OUTGROUP	0.5	0.0	5.1640500000000005	0.16223100072192795	OUTGROUP_CAPSID_01|Escherichia_phage_T4|major_head_protein|NP_049787.1|OUTGROUP	3.2111100000000006	0.2374670811258789	0.12661093855304612	yes	0.2076	18.0	0.268	0.1979	0.2405	8.583	0.20022029114056142	OUTGROUP_CAPSID_01|Escherichia_phage_T4|major_head_protein|NP_049787.1|OUTGROUP	0.20762144527883786	0.15869600208479384	0.09513113547217907
query3|bacillus_subtilis|Bacillus_phage_Chedec_11	M1EBB2.1|Salmonella|Salmonella_phage_vB_SenM-S16|Myo|RBP	no	NA	NA	NA	NA	0.0	OUTGROUP_CAPSID_05|Klebsiella_phage_vB_KpnM_KpV477|major_head_protein|YP_009288862.1|OUTGROUP	0.5	0.0	5.16863	0.16211054966824076	OUTGROUP_CAPSID_01|Escherichia_phage_T4|major_head_protein|NP_049787.1|OUTGROUP	3.2111100000000006	0.2374670811258789	0.12649048749935893	yes	0.2066	11.0	0.3494	0.1224	0.3224	6.511	0.19264761283450937	OUTGROUP_CAPSID_01|Escherichia_phage_T4|major_head_protein|NP_049787.1|OUTGROUP	0.20762144527883786	0.1511233237787418	0.09207195138633645
query3|bacillus_subtilis|Bacillus_phage_Chedec_11	Q9G0B4|Escherichia|Bacteriophage_AR1|Podo|RBP	no	NA	NA	NA	NA	0.0	OUTGROUP_CAPSID_05|Klebsiella_phage_vB_KpnM_KpV477|major_head_protein|YP_009288862.1|OUTGROUP	0.5	0.0	4.794230000000001	0.17258548590580627	OUTGROUP_CAPSID_01|Escherichia_phage_T4|major_head_protein|NP_049787.1|OUTGROUP	3.2111100000000006	0.2374670811258789	0.13696542373692444	yes	0.1954	11.0	0.3291	0.1183	0.3025	6.719	0.18379009198082652	OUTGROUP_CAPSID_01|Escherichia_phage_T4|major_head_protein|NP_049787.1|OUTGROUP	0.20762144527883786	0.14226580292505894	0.0911476771042547
query3|bacillus_subtilis|Bacillus_phage_Chedec_11	pdb_00004rga|Lactococcus|Bacteriophage_1358|Sipho|RBP	no	NA	NA	NA	NA	0.0	OUTGROUP_CAPSID_05|Klebsiella_phage_vB_KpnM_KpV477|major_head_protein|YP_009288862.1|OUTGROUP	0.5	0.0	4.86196	0.17059140628731687	OUTGROUP_CAPSID_01|Escherichia_phage_T4|major_head_protein|NP_049787.1|OUTGROUP	3.2111100000000006	0.2374670811258789	0.13497134411843503	yes	0.1945	13.0	0.267	0.1424	0.2665	6.979	0.1763657977190124	OUTGROUP_CAPSID_01|Escherichia_phage_T4|major_head_protein|NP_049787.1|OUTGROUP	0.20762144527883786	0.13484150866324482	0.0876794394949067
query3|bacillus_subtilis|Bacillus_phage_Chedec_11	P10308|Enterobacteria|Bacteriophage_T3|Podo|RBP	no	NA	NA	NA	NA	0.0	OUTGROUP_CAPSID_05|Klebsiella_phage_vB_KpnM_KpV477|major_head_protein|YP_009288862.1|OUTGROUP	0.5	0.0	4.5076	0.18156728883724307	OUTGROUP_CAPSID_01|Escherichia_phage_T4|major_head_protein|NP_049787.1|OUTGROUP	3.2111100000000006	0.2374670811258789	0.14594722666836124	yes	0.1284	10.0	0.277	0.109	0.1568	6.663	0.16369943886206448	OUTGROUP_CAPSID_01|Escherichia_phage_T4|major_head_protein|NP_049787.1|OUTGROUP	0.20762144527883786	0.1221751498062969	0.08535686658960907
query3|bacillus_subtilis|Bacillus_phage_Chedec_11	P03748|Escherichia|Bacteriophage_T7|Podo|RBP	no	NA	NA	NA	NA	0.0	OUTGROUP_CAPSID_05|Klebsiella_phage_vB_KpnM_KpV477|major_head_protein|YP_009288862.1|OUTGROUP	0.5	0.0	4.5762	0.17933359635594132	OUTGROUP_CAPSID_01|Escherichia_phage_T4|major_head_protein|NP_049787.1|OUTGROUP	3.2111100000000006	0.2374670811258789	0.14371353418705948	yes	0.1676	13.0	0.2101	0.1439	0.2057	6.898	0.1603028665484933	OUTGROUP_CAPSID_01|Escherichia_phage_T4|major_head_protein|NP_049787.1|OUTGROUP	0.20762144527883786	0.11877857749272572	0.08343981454385516
query3|bacillus_subtilis|Bacillus_phage_Chedec_11	P0DTN8|Klebsiella|Bacteriophage_RAD2|Podo|RBP	no	NA	NA	NA	NA	0.0	OUTGROUP_CAPSID_05|Klebsiella_phage_vB_KpnM_KpV477|major_head_protein|YP_009288862.1|OUTGROUP	0.5	0.0	2.96666	0.25210126403573785	OUTGROUP_CAPSID_01|Escherichia_phage_T4|major_head_protein|NP_049787.1|OUTGROUP	3.2111100000000006	0.2374670811258789	0.21648120186685602	no	NA	NA	NA	NA	NA	NA	0.0	OUTGROUP_CAPSID_01|Escherichia_phage_T4|major_head_protein|NP_049787.1|OUTGROUP	0.20762144527883786	0.0	0.054120300466714004
query3|bacillus_subtilis|Bacillus_phage_Chedec_11	pdb_00007qlr|Clostridium|Bacteriophage_C._difficile|Sipho|RBP	no	NA	NA	NA	NA	0.0	OUTGROUP_CAPSID_05|Klebsiella_phage_vB_KpnM_KpV477|major_head_protein|YP_009288862.1|OUTGROUP	0.5	0.0	4.3032	0.18856539447880524	OUTGROUP_CAPSID_01|Escherichia_phage_T4|major_head_protein|NP_049787.1|OUTGROUP	3.2111100000000006	0.2374670811258789	0.1529453323099234	no	NA	NA	NA	NA	NA	NA	0.0	OUTGROUP_CAPSID_01|Escherichia_phage_T4|major_head_protein|NP_049787.1|OUTGROUP	0.20762144527883786	0.0	0.03823633307748085
query3|bacillus_subtilis|Bacillus_phage_Chedec_11	P23207.2|Escherichia|Bacteriophage_T5|Sipho|RBP	no	NA	NA	NA	NA	0.0	OUTGROUP_CAPSID_05|Klebsiella_phage_vB_KpnM_KpV477|major_head_protein|YP_009288862.1|OUTGROUP	0.5	0.0	4.33427	0.18746707609476085	OUTGROUP_CAPSID_01|Escherichia_phage_T4|major_head_protein|NP_049787.1|OUTGROUP	3.2111100000000006	0.2374670811258789	0.15184701392587902	no	NA	NA	NA	NA	NA	NA	0.0	OUTGROUP_CAPSID_01|Escherichia_phage_T4|major_head_protein|NP_049787.1|OUTGROUP	0.20762144527883786	0.0	0.037961753481469754
query3|bacillus_subtilis|Bacillus_phage_Chedec_11	P10930|Enterobacteria|Bacteriophage_T4|Myo|RBP	no	NA	NA	NA	NA	0.0	OUTGROUP_CAPSID_05|Klebsiella_phage_vB_KpnM_KpV477|major_head_protein|YP_009288862.1|OUTGROUP	0.5	0.0	4.43641	0.18394491953329495	OUTGROUP_CAPSID_01|Escherichia_phage_T4|major_head_protein|NP_049787.1|OUTGROUP	3.2111100000000006	0.2374670811258789	0.14832485736441312	no	NA	NA	NA	NA	NA	NA	0.0	OUTGROUP_CAPSID_01|Escherichia_phage_T4|major_head_protein|NP_049787.1|OUTGROUP	0.20762144527883786	0.0	0.03708121434110328
query3|bacillus_subtilis|Bacillus_phage_Chedec_11	pdb_00005yvq|Enterobacteria|Bacteriophage_Mu|Myo|RBP	no	NA	NA	NA	NA	0.0	OUTGROUP_CAPSID_05|Klebsiella_phage_vB_KpnM_KpV477|major_head_protein|YP_009288862.1|OUTGROUP	0.5	0.0	4.786630000000001	0.17281215491572813	OUTGROUP_CAPSID_01|Escherichia_phage_T4|major_head_protein|NP_049787.1|OUTGROUP	3.2111100000000006	0.2374670811258789	0.1371920927468463	no	NA	NA	NA	NA	NA	NA	0.0	OUTGROUP_CAPSID_01|Escherichia_phage_T4|major_head_protein|NP_049787.1|OUTGROUP	0.20762144527883786	0.0	0.034298023186711574
query3|bacillus_subtilis|Bacillus_phage_Chedec_11	P07627|Enterobacteria|Bacteriophage_Ox2|Sipho|RBP	no	NA	NA	NA	NA	0.0	OUTGROUP_CAPSID_05|Klebsiella_phage_vB_KpnM_KpV477|major_head_protein|YP_009288862.1|OUTGROUP	0.5	0.0	4.8762	0.17017800619447943	OUTGROUP_CAPSID_01|Escherichia_phage_T4|major_head_protein|NP_049787.1|OUTGROUP	3.2111100000000006	0.2374670811258789	0.1345579440255976	no	NA	NA	NA	NA	NA	NA	0.0	OUTGROUP_CAPSID_01|Escherichia_phage_T4|major_head_protein|NP_049787.1|OUTGROUP	0.20762144527883786	0.0	0.0336394860063994
query3|bacillus_subtilis|Bacillus_phage_Chedec_11	P07876|Enterobacteria|Bacteriophage_K3|Podo|RBP	no	NA	NA	NA	NA	0.0	OUTGROUP_CAPSID_05|Klebsiella_phage_vB_KpnM_KpV477|major_head_protein|YP_009288862.1|OUTGROUP	0.5	0.0	5.012270000000001	0.16632652891503538	OUTGROUP_CAPSID_01|Escherichia_phage_T4|major_head_protein|NP_049787.1|OUTGROUP	3.2111100000000006	0.2374670811258789	0.13070646674615355	no	NA	NA	NA	NA	NA	NA	0.0	OUTGROUP_CAPSID_01|Escherichia_phage_T4|major_head_protein|NP_049787.1|OUTGROUP	0.20762144527883786	0.0	0.03267661668653839
query3|bacillus_subtilis|Bacillus_phage_Chedec_11	P07875|Enterobacteria|Bacteriophage_T2|Myo|RBP	no	NA	NA	NA	NA	0.0	OUTGROUP_CAPSID_05|Klebsiella_phage_vB_KpnM_KpV477|major_head_protein|YP_009288862.1|OUTGROUP	0.5	0.0	5.0677900000000005	0.1648046488095336	OUTGROUP_CAPSID_01|Escherichia_phage_T4|major_head_protein|NP_049787.1|OUTGROUP	3.2111100000000006	0.2374670811258789	0.12918458664065177	no	NA	NA	NA	NA	NA	NA	0.0	OUTGROUP_CAPSID_01|Escherichia_phage_T4|major_head_protein|NP_049787.1|OUTGROUP	0.20762144527883786	0.0	0.03229614666016294
query3|bacillus_subtilis|Bacillus_phage_Chedec_11	NP_112089.1|Enterobacteria|Bacteriophage_HK620|Sipho|RBP	no	NA	NA	NA	NA	0.0	OUTGROUP_CAPSID_05|Klebsiella_phage_vB_KpnM_KpV477|major_head_protein|YP_009288862.1|OUTGROUP	0.5	0.0	5.20344	0.16120088209122682	OUTGROUP_CAPSID_01|Escherichia_phage_T4|major_head_protein|NP_049787.1|OUTGROUP	3.2111100000000006	0.2374670811258789	0.125580819922345	no	NA	NA	NA	NA	NA	NA	0.0	OUTGROUP_CAPSID_01|Escherichia_phage_T4|major_head_protein|NP_049787.1|OUTGROUP	0.20762144527883786	0.0	0.03139520498058625
query4|unknown_host|Lactobacillus_phage_ViSo_2018a	pdb_00005efv|Staphylococcus|Bacteriophage_11|Sipho|RBP	no	NA	NA	NA	NA	0.0	OUTGROUP_CAPSID_05|Klebsiella_phage_vB_KpnM_KpV477|major_head_protein|YP_009288862.1|OUTGROUP	0.41667000000000004	0.0	6.185829999999999	0.13916276894944635	OUTGROUP_CAPSID_01|Escherichia_phage_T4|major_head_protein|NP_049787.1|OUTGROUP	3.92478	0.2030547557454343	0.1087045555876312	yes	0.3309	29.0	0.829	0.2956	0.374	3.336	0.4426254612546125	OUTGROUP_CAPSID_02|Escherichia_phage_phiC120|major_head_protein|YP_010090013.1|OUTGROUP	0.20131465751883926	0.40236252975084463	0.18812115079724567
query4|unknown_host|Lactobacillus_phage_ViSo_2018a	pdb_00006iab|Staphylococcus|Bacteriophage_P68|Sipho|RBP	no	NA	NA	NA	NA	0.0	OUTGROUP_CAPSID_05|Klebsiella_phage_vB_KpnM_KpV477|major_head_protein|YP_009288862.1|OUTGROUP	0.41667000000000004	0.0	6.25928	0.13775470845593502	OUTGROUP_CAPSID_01|Escherichia_phage_T4|major_head_protein|NP_049787.1|OUTGROUP	3.92478	0.2030547557454343	0.10729649509411987	yes	0.344	30.0	0.6206	0.3086	0.3872	3.639	0.3835927398146152	OUTGROUP_CAPSID_02|Escherichia_phage_phiC120|major_head_protein|YP_010090013.1|OUTGROUP	0.20131465751883926	0.34332980831084736	0.1641560470978689
query4|unknown_host|Lactobacillus_phage_ViSo_2018a	Q858F5|Salmonella|Bacteriophage_epsilon15|Podo|RBP	no	NA	NA	NA	NA	0.0	OUTGROUP_CAPSID_05|Klebsiella_phage_vB_KpnM_KpV477|major_head_protein|YP_009288862.1|OUTGROUP	0.41667000000000004	0.0	2.12326	0.32017827526366677	OUTGROUP_CAPSID_01|Escherichia_phage_T4|major_head_protein|NP_049787.1|OUTGROUP	3.92478	0.2030547557454343	0.2897200619018516	yes	0.2591	28.0	0.3155	0.2976	0.2435	8.154	0.2652983722962639	OUTGROUP_CAPSID_02|Escherichia_phage_phiC120|major_head_protein|YP_010090013.1|OUTGROUP	0.20131465751883926	0.22503544079249604	0.16244419179246133
query4|unknown_host|Lactobacillus_phage_ViSo_2018a	pdb_0000q0pdk6|Bacillus|Bacteriophage_SPP1|Sipho|RBP	no	NA	NA	NA	NA	0.0	OUTGROUP_CAPSID_05|Klebsiella_phage_vB_KpnM_KpV477|major_head_protein|YP_009288862.1|OUTGROUP	0.41667000000000004	0.0	6.84333	0.12749686676449926	OUTGROUP_CAPSID_01|Escherichia_phage_T4|major_head_protein|NP_049787.1|OUTGROUP	3.92478	0.2030547557454343	0.09703865340268411	yes	0.331	37.0	0.4627	0.3831	0.2969	6.112	0.3584814848143982	OUTGROUP_CAPSID_02|Escherichia_phage_phiC120|major_head_protein|YP_010090013.1|OUTGROUP	0.20131465751883926	0.3182185533106303	0.15154708467492317
query4|unknown_host|Lactobacillus_phage_ViSo_2018a	Q04830|Escherichia|Bacteriophage_K1F|Podo|RBP	no	NA	NA	NA	NA	0.0	OUTGROUP_CAPSID_05|Klebsiella_phage_vB_KpnM_KpV477|major_head_protein|YP_009288862.1|OUTGROUP	0.41667000000000004	0.0	4.78782	0.17277662401387742	OUTGROUP_CAPSID_01|Escherichia_phage_T4|major_head_protein|NP_049787.1|OUTGROUP	3.92478	0.2030547557454343	0.14231841065206227	yes	0.2171	23.0	0.4636	0.2476	0.2007	6.873	0.28828327702273593	OUTGROUP_CAPSID_02|Escherichia_phage_phiC120|major_head_protein|YP_010090013.1|OUTGROUP	0.20131465751883926	0.24802034551896807	0.1347877408706028
query4|unknown_host|Lactobacillus_phage_ViSo_2018a	YP_654148.1|Escherichia|Bacteriophage_K1-5|Podo|RBP	no	NA	NA	NA	NA	0.0	OUTGROUP_CAPSID_05|Klebsiella_phage_vB_KpnM_KpV477|major_head_protein|YP_009288862.1|OUTGROUP	0.41667000000000004	0.0	4.73494	0.17436974057269997	OUTGROUP_CAPSID_01|Escherichia_phage_T4|major_head_protein|NP_049787.1|OUTGROUP	3.92478	0.2030547557454343	0.14391152721088482	yes	0.2606	25.0	0.4061	0.2656	0.2709	6.329	0.28191885250375226	OUTGROUP_CAPSID_02|Escherichia_phage_phiC120|major_head_protein|YP_010090013.1|OUTGROUP	0.20131465751883926	0.2416559209999844	0.13264025020271497
query4|unknown_host|Lactobacillus_phage_ViSo_2018a	pdb_00008xci|Escherichia|Bacteriophage_lambda|Sipho|RBP	no	NA	NA	NA	NA	0.0	OUTGROUP_CAPSID_05|Klebsiella_phage_vB_KpnM_KpV477|major_head_protein|YP_009288862.1|OUTGROUP	0.41667000000000004	0.0	4.94043	0.16833798226727695	OUTGROUP_CAPSID_01|Escherichia_phage_T4|major_head_protein|NP_049787.1|OUTGROUP	3.92478	0.2030547557454343	0.1378797689054618	yes	0.2198	24.0	0.2601	0.258	0.2049	9.148	0.2267383169097359	OUTGROUP_CAPSID_02|Escherichia_phage_phiC120|major_head_protein|YP_010090013.1|OUTGROUP	0.20131465751883926	0.18647538540596803	0.10906009638875266
query4|unknown_host|Lactobacillus_phage_ViSo_2018a	AUV56907.1|Staphylococcus|Bacteriophage_vB_SauM_LM12|Myo|RBP	no	NA	NA	NA	NA	0.0	OUTGROUP_CAPSID_05|Klebsiella_phage_vB_KpnM_KpV477|major_head_protein|YP_009288862.1|OUTGROUP	0.41667000000000004	0.0	5.25209	0.1599465138857566	OUTGROUP_CAPSID_01|Escherichia_phage_T4|major_head_protein|NP_049787.1|OUTGROUP	3.92478	0.2030547557454343	0.12948830052394145	yes	0.2443	19.0	0.3182	0.1983	0.3176	7.413	0.21838273267562108	OUTGROUP_CAPSID_02|Escherichia_phage_phiC120|major_head_protein|YP_010090013.1|OUTGROUP	0.20131465751883926	0.17811980117185322	0.10361999559972665
query4|unknown_host|Lactobacillus_phage_ViSo_2018a	AEL79676.1|Escherichia|Bacteriophage_vB_EcoP_G7C|Podo|RBP	no	NA	NA	NA	NA	0.0	OUTGROUP_CAPSID_05|Klebsiella_phage_vB_KpnM_KpV477|major_head_protein|YP_009288862.1|OUTGROUP	0.41667000000000004	0.0	5.9399	0.1440942953068488	OUTGROUP_CAPSID_01|Escherichia_phage_T4|major_head_protein|NP_049787.1|OUTGROUP	3.92478	0.2030547557454343	0.11363608194503366	yes	0.2179	23.0	0.279	0.2499	0.2078	9.298	0.2280712468440474	OUTGROUP_CAPSID_02|Escherichia_phage_phiC120|major_head_protein|YP_010090013.1|OUTGROUP	0.20131465751883926	0.18780831534027953	0.10353234662237024
query4|unknown_host|Lactobacillus_phage_ViSo_2018a	YP_009168860.1|Escherichia|Bacteriophage_K1H|Podo|RBP	no	NA	NA	NA	NA	0.0	OUTGROUP_CAPSID_05|Klebsiella_phage_vB_KpnM_KpV477|major_head_protein|YP_009288862.1|OUTGROUP	0.41667000000000004	0.0	5.3339	0.15788061068220213	OUTGROUP_CAPSID_01|Escherichia_phage_T4|major_head_protein|NP_049787.1|OUTGROUP	3.92478	0.2030547557454343	0.127422397320387	yes	0.1975	21.0	0.256	0.2196	0.1927	8.735	0.20714442732408833	OUTGROUP_CAPSID_02|Escherichia_phage_phiC120|major_head_protein|YP_010090013.1|OUTGROUP	0.20131465751883926	0.16688149582032047	0.09860819765822493
query4|unknown_host|Lactobacillus_phage_ViSo_2018a	YP_009788589.1|Klebsiella|Bacteriophage_K5-2|Myo|RBP	no	NA	NA	NA	NA	0.0	OUTGROUP_CAPSID_05|Klebsiella_phage_vB_KpnM_KpV477|major_head_protein|YP_009288862.1|OUTGROUP	0.41667000000000004	0.0	5.43007	0.15551930227820226	OUTGROUP_CAPSID_01|Escherichia_phage_T4|major_head_protein|NP_049787.1|OUTGROUP	3.92478	0.2030547557454343	0.12506108891638712	yes	0.1844	18.0	0.2991	0.1892	0.1927	7.27	0.2085137968561064	OUTGROUP_CAPSID_02|Escherichia_phage_phiC120|major_head_protein|YP_010090013.1|OUTGROUP	0.20131465751883926	0.16825086535233855	0.09856561837003221
query4|unknown_host|Lactobacillus_phage_ViSo_2018a	P13332|Enterobacteria|Bacteriophage_T4|Myo|RBP	no	NA	NA	NA	NA	0.0	OUTGROUP_CAPSID_05|Klebsiella_phage_vB_KpnM_KpV477|major_head_protein|YP_009288862.1|OUTGROUP	0.41667000000000004	0.0	5.87772	0.14539702110583158	OUTGROUP_CAPSID_01|Escherichia_phage_T4|major_head_protein|NP_049787.1|OUTGROUP	3.92478	0.2030547557454343	0.11493880774401644	yes	0.2194	20.0	0.28	0.2104	0.2516	8.369	0.210546995410396	OUTGROUP_CAPSID_02|Escherichia_phage_phiC120|major_head_protein|YP_010090013.1|OUTGROUP	0.20131465751883926	0.17028406390662815	0.09684832749865536
query4|unknown_host|Lactobacillus_phage_ViSo_2018a	AEM91899.1|Escherichia|Bacteriophage_Cba120|Sipho|RBP	no	NA	NA	NA	NA	0.0	OUTGROUP_CAPSID_05|Klebsiella_phage_vB_KpnM_KpV477|major_head_protein|YP_009288862.1|OUTGROUP	0.41667000000000004	0.0	5.98222	0.14322092400411332	OUTGROUP_CAPSID_01|Escherichia_phage_T4|major_head_protein|NP_049787.1|OUTGROUP	3.92478	0.2030547557454343	0.11276271064229818	yes	0.1987	21.0	0.2588	0.226	0.1902	8.921	0.21079925813930045	OUTGROUP_CAPSID_02|Escherichia_phage_phiC120|major_head_protein|YP_010090013.1|OUTGROUP	0.20131465751883926	0.1705363266355326	0.09640520831478758
query4|unknown_host|Lactobacillus_phage_ViSo_2018a	P49714|Escherichia|Bacteriophage_K1E|Podo|RBP	no	NA	NA	NA	NA	0.0	OUTGROUP_CAPSID_05|Klebsiella_phage_vB_KpnM_KpV477|major_head_protein|YP_009288862.1|OUTGROUP	0.41667000000000004	0.0	4.73901	0.17424608077002826	OUTGROUP_CAPSID_01|Escherichia_phage_T4|major_head_protein|NP_049787.1|OUTGROUP	3.92478	0.2030547557454343	0.14378786740821312	yes	0.188	18.0	0.2447	0.1959	0.1994	9.063	0.19123478883036868	OUTGROUP_CAPSID_02|Escherichia_phage_phiC120|major_head_protein|YP_010090013.1|OUTGROUP	0.20131465751883926	0.15097185732660082	0.09633570978269361
query4|unknown_host|Lactobacillus_phage_ViSo_2018a	P07537|Bacillus|Bacteriophage_PZA|Podo|RBP	no	NA	NA	NA	NA	0.0	OUTGROUP_CAPSID_05|Klebsiella_phage_vB_KpnM_KpV477|major_head_protein|YP_009288862.1|OUTGROUP	0.41667000000000004	0.0	5.32191	0.15818004368932806	OUTGROUP_CAPSID_01|Escherichia_phage_T4|major_head_protein|NP_049787.1|OUTGROUP	3.92478	0.2030547557454343	0.12772183032751291	yes	0.191	19.0	0.2643	0.2019	0.1978	8.878	0.20048701356549908	OUTGROUP_CAPSID_02|Escherichia_phage_phiC120|major_head_protein|YP_010090013.1|OUTGROUP	0.20131465751883926	0.16022408206173122	0.09602009040657072
query4|unknown_host|Lactobacillus_phage_ViSo_2018a	APZ82848.1|Klebsiella|Bacteriophage_K5-4|Myo|RBP	no	NA	NA	NA	NA	0.0	OUTGROUP_CAPSID_05|Klebsiella_phage_vB_KpnM_KpV477|major_head_protein|YP_009288862.1|OUTGROUP	0.41667000000000004	0.0	5.2537199999999995	0.1599048246483693	OUTGROUP_CAPSID_01|Escherichia_phage_T4|major_head_protein|NP_049787.1|OUTGROUP	3.92478	0.2030547557454343	0.12944661128655416	yes	0.2021	18.0	0.2566	0.1987	0.229	8.603	0.19715682495053627	OUTGROUP_CAPSID_02|Escherichia_phage_phiC120|major_head_protein|YP_010090013.1|OUTGROUP	0.20131465751883926	0.1568938934467684	0.0951192102003459
query4|unknown_host|Lactobacillus_phage_ViSo_2018a	YP_006382457.1|Escherichia|Bacteriophage_vB_EcoS_AKFV33|Sipho|RBP	no	NA	NA	NA	NA	0.0	OUTGROUP_CAPSID_05|Klebsiella_phage_vB_KpnM_KpV477|major_head_protein|YP_009288862.1|OUTGROUP	0.41667000000000004	0.0	6.48081	0.1336753640314351	OUTGROUP_CAPSID_01|Escherichia_phage_T4|major_head_protein|NP_049787.1|OUTGROUP	3.92478	0.2030547557454343	0.10321715066961995	yes	0.214	18.0	0.3043	0.1933	0.2552	7.325	0.21196402402402403	OUTGROUP_CAPSID_02|Escherichia_phage_phiC120|major_head_protein|YP_010090013.1|OUTGROUP	0.20131465751883926	0.17170109252025617	0.09448472467550746
query4|unknown_host|Lactobacillus_phage_ViSo_2018a	AEM91897.1|Escherichia|Bacteriophage_Cba120|Sipho|RBP	no	NA	NA	NA	NA	0.0	OUTGROUP_CAPSID_05|Klebsiella_phage_vB_KpnM_KpV477|major_head_protein|YP_009288862.1|OUTGROUP	0.41667000000000004	0.0	6.45129	0.13420494974695657	OUTGROUP_CAPSID_01|Escherichia_phage_T4|major_head_protein|NP_049787.1|OUTGROUP	3.92478	0.2030547557454343	0.10374673638514142	yes	0.2049	21.0	0.265	0.223	0.2064	8.926	0.21114910336490028	OUTGROUP_CAPSID_02|Escherichia_phage_phiC120|major_head_protein|YP_010090013.1|OUTGROUP	0.20131465751883926	0.17088617186113242	0.09429115284073833
query4|unknown_host|Lactobacillus_phage_ViSo_2018a	CBY99572.1|Escherichia|Bacteriophage_phi92|Myo|RBP	no	NA	NA	NA	NA	0.0	OUTGROUP_CAPSID_05|Klebsiella_phage_vB_KpnM_KpV477|major_head_protein|YP_009288862.1|OUTGROUP	0.41667000000000004	0.0	5.27347	0.15940141580337516	OUTGROUP_CAPSID_01|Escherichia_phage_T4|major_head_protein|NP_049787.1|OUTGROUP	3.92478	0.2030547557454343	0.12894320244156002	yes	0.1947	20.0	0.2288	0.2125	0.1966	8.949	0.19499252286661975	OUTGROUP_CAPSID_02|Escherichia_phage_phiC120|major_head_protein|YP_010090013.1|OUTGROUP	0.20131465751883926	0.1547295913628519	0.09412763715553077
query4|unknown_host|Lactobacillus_phage_ViSo_2018a	P12528|Salmonella|Bacteriophage_P22|Podo|RBP	no	NA	NA	NA	NA	0.0	OUTGROUP_CAPSID_05|Klebsiella_phage_vB_KpnM_KpV477|major_head_protein|YP_009288862.1|OUTGROUP	0.41667000000000004	0.0	5.147460000000001	0.16266880955711788	OUTGROUP_CAPSID_01|Escherichia_phage_T4|major_head_protein|NP_049787.1|OUTGROUP	3.92478	0.2030547557454343	0.13221059619530273	yes	0.1839	16.0	0.2674	0.1767	0.2096	8.108	0.19052871761089152	OUTGROUP_CAPSID_02|Escherichia_phage_phiC120|major_head_protein|YP_010090013.1|OUTGROUP	0.20131465751883926	0.15026578610712366	0.09315896349167516
query4|unknown_host|Lactobacillus_phage_ViSo_2018a	K9L8K6|Klebsiella|Bacteriophage_KP36|Podo|RBP	no	NA	NA	NA	NA	0.0	OUTGROUP_CAPSID_05|Klebsiella_phage_vB_KpnM_KpV477|major_head_protein|YP_009288862.1|OUTGROUP	0.41667000000000004	0.0	5.870909999999999	0.145541129195405	OUTGROUP_CAPSID_01|Escherichia_phage_T4|major_head_protein|NP_049787.1|OUTGROUP	3.92478	0.2030547557454343	0.11508291583358984	yes	0.2039	20.0	0.2373	0.219	0.2092	9.184	0.20032864886095839	OUTGROUP_CAPSID_02|Escherichia_phage_phiC120|major_head_protein|YP_010090013.1|OUTGROUP	0.20131465751883926	0.16006571735719052	0.09279701590127368
query4|unknown_host|Lactobacillus_phage_ViSo_2018a	P0DJY6|Escherichia|Bacteriophage_Mu|Myo|RBP	no	NA	NA	NA	NA	0.0	OUTGROUP_CAPSID_05|Klebsiella_phage_vB_KpnM_KpV477|major_head_protein|YP_009288862.1|OUTGROUP	0.41667000000000004	0.0	5.081799999999999	0.1644250057548752	OUTGROUP_CAPSID_01|Escherichia_phage_T4|major_head_protein|NP_049787.1|OUTGROUP	3.92478	0.2030547557454343	0.13396679239306006	yes	0.1415	9.0	0.3665	0.09283	0.2026	6.176	0.18423568004459306	OUTGROUP_CAPSID_02|Escherichia_phage_phiC120|major_head_protein|YP_010090013.1|OUTGROUP	0.20131465751883926	0.1439727485408252	0.09108079751459511
query4|unknown_host|Lactobacillus_phage_ViSo_2018a	pdb_00001zru|Lactococcal|Bacteriophage_P2|Myo|RBP	no	NA	NA	NA	NA	0.0	OUTGROUP_CAPSID_05|Klebsiella_phage_vB_KpnM_KpV477|major_head_protein|YP_009288862.1|OUTGROUP	0.41667000000000004	0.0	5.30183	0.15868406478752997	OUTGROUP_CAPSID_01|Escherichia_phage_T4|major_head_protein|NP_049787.1|OUTGROUP	3.92478	0.2030547557454343	0.12822585142571483	yes	0.1989	11.0	0.3279	0.1218	0.3038	6.401	0.18629337521956493	OUTGROUP_CAPSID_02|Escherichia_phage_phiC120|major_head_protein|YP_010090013.1|OUTGROUP	0.20131465751883926	0.14603044371579707	0.09046864034274754
query4|unknown_host|Lactobacillus_phage_ViSo_2018a	P07876|Enterobacteria|Bacteriophage_K3|Podo|RBP	no	NA	NA	NA	NA	0.0	OUTGROUP_CAPSID_05|Klebsiella_phage_vB_KpnM_KpV477|major_head_protein|YP_009288862.1|OUTGROUP	0.41667000000000004	0.0	5.7259400000000005	0.14867810298634837	OUTGROUP_CAPSID_01|Escherichia_phage_T4|major_head_protein|NP_049787.1|OUTGROUP	3.92478	0.2030547557454343	0.11821988962453323	yes	0.2135	12.0	0.3337	0.13	0.3271	6.435	0.1920097982515131	OUTGROUP_CAPSID_02|Escherichia_phage_phiC120|major_head_protein|YP_010090013.1|OUTGROUP	0.20131465751883926	0.15174686674774523	0.0902537191052314
query4|unknown_host|Lactobacillus_phage_ViSo_2018a	YP_001671760.1|Escherichia|Bacteriophage_PhiEco32|Podo|RBP	no	NA	NA	NA	NA	0.0	OUTGROUP_CAPSID_05|Klebsiella_phage_vB_KpnM_KpV477|major_head_protein|YP_009288862.1|OUTGROUP	0.41667000000000004	0.0	5.64141	0.15057043609715406	OUTGROUP_CAPSID_01|Escherichia_phage_T4|major_head_protein|NP_049787.1|OUTGROUP	3.92478	0.2030547557454343	0.12011222273533892	yes	0.1936	18.0	0.2412	0.1917	0.214	7.971	0.19050405863337422	OUTGROUP_CAPSID_02|Escherichia_phage_phiC120|major_head_protein|YP_010090013.1|OUTGROUP	0.20131465751883926	0.15024112712960636	0.09012450653567727
query4|unknown_host|Lactobacillus_phage_ViSo_2018a	YP_004782195.1|Escherichia|Bacteriophage_vB_EcoP_G7C|Podo|RBP	no	NA	NA	NA	NA	0.0	OUTGROUP_CAPSID_05|Klebsiella_phage_vB_KpnM_KpV477|major_head_protein|YP_009288862.1|OUTGROUP	0.41667000000000004	0.0	5.52804	0.15318533587416744	OUTGROUP_CAPSID_01|Escherichia_phage_T4|major_head_protein|NP_049787.1|OUTGROUP	3.92478	0.2030547557454343	0.1227271225123523	yes	0.1954	19.0	0.2092	0.2066	0.2026	8.626	0.18683706212341575	OUTGROUP_CAPSID_02|Escherichia_phage_phiC120|major_head_protein|YP_010090013.1|OUTGROUP	0.20131465751883926	0.14657413061964789	0.08931143287594723
query4|unknown_host|Lactobacillus_phage_ViSo_2018a	P07875|Enterobacteria|Bacteriophage_T2|Myo|RBP	no	NA	NA	NA	NA	0.0	OUTGROUP_CAPSID_05|Klebsiella_phage_vB_KpnM_KpV477|major_head_protein|YP_009288862.1|OUTGROUP	0.41667000000000004	0.0	5.781460000000001	0.1474608712578117	OUTGROUP_CAPSID_01|Escherichia_phage_T4|major_head_protein|NP_049787.1|OUTGROUP	3.92478	0.2030547557454343	0.11700265789599656	yes	0.2084	12.0	0.3265	0.13	0.3193	6.664	0.18904603340292275	OUTGROUP_CAPSID_02|Escherichia_phage_phiC120|major_head_protein|YP_010090013.1|OUTGROUP	0.20131465751883926	0.1487831018991549	0.0887639052336611
query4|unknown_host|Lactobacillus_phage_ViSo_2018a	P20345|Bacillus|Bacteriophage_phi-29|Podo|RBP	no	NA	NA	NA	NA	0.0	OUTGROUP_CAPSID_05|Klebsiella_phage_vB_KpnM_KpV477|major_head_protein|YP_009288862.1|OUTGROUP	0.41667000000000004	0.0	5.32482	0.15810726629374433	OUTGROUP_CAPSID_01|Escherichia_phage_T4|major_head_protein|NP_049787.1|OUTGROUP	3.92478	0.2030547557454343	0.12764905293192919	yes	0.1704	17.0	0.2351	0.1805	0.1769	9.03	0.18072017946161514	OUTGROUP_CAPSID_02|Escherichia_phage_phiC120|major_head_protein|YP_010090013.1|OUTGROUP	0.20131465751883926	0.14045724795784728	0.08809516241612121
query4|unknown_host|Lactobacillus_phage_ViSo_2018a	YP_003347556.1|Klebsiella|Bacteriophage_KP32|Podo|RBP	no	NA	NA	NA	NA	0.0	OUTGROUP_CAPSID_05|Klebsiella_phage_vB_KpnM_KpV477|major_head_protein|YP_009288862.1|OUTGROUP	0.41667000000000004	0.0	5.49414	0.15398497722562188	OUTGROUP_CAPSID_01|Escherichia_phage_T4|major_head_protein|NP_049787.1|OUTGROUP	3.92478	0.2030547557454343	0.12352676386380673	yes	0.1874	16.0	0.2446	0.1704	0.2254	7.971	0.1808740586333742	OUTGROUP_CAPSID_02|Escherichia_phage_phiC120|major_head_protein|YP_010090013.1|OUTGROUP	0.20131465751883926	0.14061112712960633	0.08712614181779421
query4|unknown_host|Lactobacillus_phage_ViSo_2018a	pdb_00002fsd|Lactococcus|Bacteriophage_bIL170|Sipho|RBP	no	NA	NA	NA	NA	0.0	OUTGROUP_CAPSID_05|Klebsiella_phage_vB_KpnM_KpV477|major_head_protein|YP_009288862.1|OUTGROUP	0.41667000000000004	0.0	5.50333	0.15376737763576506	OUTGROUP_CAPSID_01|Escherichia_phage_T4|major_head_protein|NP_049787.1|OUTGROUP	3.92478	0.2030547557454343	0.12330916427394992	yes	0.1756	8.0	0.3661	0.08399	0.3126	6.056	0.18016967120181404	OUTGROUP_CAPSID_02|Escherichia_phage_phiC120|major_head_protein|YP_010090013.1|OUTGROUP	0.20131465751883926	0.13990673969804618	0.08678998694770595
query4|unknown_host|Lactobacillus_phage_ViSo_2018a	pdb_00002f0c|Lactococcus|Bacteriophage_P335|Sipho|RBP	no	NA	NA	NA	NA	0.0	OUTGROUP_CAPSID_05|Klebsiella_phage_vB_KpnM_KpV477|major_head_protein|YP_009288862.1|OUTGROUP	0.41667000000000004	0.0	5.14662	0.16269103995366557	OUTGROUP_CAPSID_01|Escherichia_phage_T4|major_head_protein|NP_049787.1|OUTGROUP	3.92478	0.2030547557454343	0.13223282659185043	yes	0.1786	8.0	0.3261	0.09084	0.2971	5.894	0.17226073397156946	OUTGROUP_CAPSID_02|Escherichia_phage_phiC120|major_head_protein|YP_010090013.1|OUTGROUP	0.20131465751883926	0.1319978024678016	0.08585732763508325
query4|unknown_host|Lactobacillus_phage_ViSo_2018a	M1EBB2.1|Salmonella|Salmonella_phage_vB_SenM-S16|Myo|RBP	no	NA	NA	NA	NA	0.0	OUTGROUP_CAPSID_05|Klebsiella_phage_vB_KpnM_KpV477|major_head_protein|YP_009288862.1|OUTGROUP	0.41667000000000004	0.0	5.882300000000001	0.145300262993476	OUTGROUP_CAPSID_01|Escherichia_phage_T4|major_head_protein|NP_049787.1|OUTGROUP	3.92478	0.2030547557454343	0.11484204963166086	yes	0.197	11.0	0.3087	0.1208	0.3065	6.763	0.1787732358624243	OUTGROUP_CAPSID_02|Escherichia_phage_phiC120|major_head_protein|YP_010090013.1|OUTGROUP	0.20131465751883926	0.13851030435865644	0.08411463415137779
query4|unknown_host|Lactobacillus_phage_ViSo_2018a	QQG32074.1|Salmonella|Bacteriophage_vB_CkoM_CkP1|Myo|RBP	no	NA	NA	NA	NA	0.0	OUTGROUP_CAPSID_05|Klebsiella_phage_vB_KpnM_KpV477|major_head_protein|YP_009288862.1|OUTGROUP	0.41667000000000004	0.0	6.8921399999999995	0.12670834526503585	OUTGROUP_CAPSID_01|Escherichia_phage_T4|major_head_protein|NP_049787.1|OUTGROUP	3.92478	0.2030547557454343	0.09625013190322071	yes	0.1742	16.0	0.282	0.1678	0.1984	8.269	0.19007730067968495	OUTGROUP_CAPSID_02|Escherichia_phage_phiC120|major_head_protein|YP_010090013.1|OUTGROUP	0.20131465751883926	0.1498143691759171	0.08398828064617202
query4|unknown_host|Lactobacillus_phage_ViSo_2018a	YP_009880322.1|Escherichia|Bacteriophage_ep75|Sipho|RBP	no	NA	NA	NA	NA	0.0	OUTGROUP_CAPSID_05|Klebsiella_phage_vB_KpnM_KpV477|major_head_protein|YP_009288862.1|OUTGROUP	0.41667000000000004	0.0	6.39483	0.1352296131215998	OUTGROUP_CAPSID_01|Escherichia_phage_T4|major_head_protein|NP_049787.1|OUTGROUP	3.92478	0.2030547557454343	0.10477139975978467	yes	0.1686	16.0	0.2429	0.1728	0.1847	9.23	0.17882034213098733	OUTGROUP_CAPSID_02|Escherichia_phage_phiC120|major_head_protein|YP_010090013.1|OUTGROUP	0.20131465751883926	0.13855741062721946	0.08161581419083395
query4|unknown_host|Lactobacillus_phage_ViSo_2018a	AVZ45096|Escherichia|Bacteriophage_EP335|Podo|RBP	no	NA	NA	NA	NA	0.0	OUTGROUP_CAPSID_05|Klebsiella_phage_vB_KpnM_KpV477|major_head_protein|YP_009288862.1|OUTGROUP	0.41667000000000004	0.0	5.78646	0.14735222781833238	OUTGROUP_CAPSID_01|Escherichia_phage_T4|major_head_protein|NP_049787.1|OUTGROUP	3.92478	0.2030547557454343	0.11689401445651723	yes	0.164	15.0	0.2255	0.1639	0.181	8.4	0.17087659574468086	OUTGROUP_CAPSID_02|Escherichia_phage_phiC120|major_head_protein|YP_010090013.1|OUTGROUP	0.20131465751883926	0.130613664240913	0.08146896931049452
query4|unknown_host|Lactobacillus_phage_ViSo_2018a	YP_654147.1|Escherichia|Bacteriophage_K1-5|Podo|RBP	no	NA	NA	NA	NA	0.0	OUTGROUP_CAPSID_05|Klebsiella_phage_vB_KpnM_KpV477|major_head_protein|YP_009288862.1|OUTGROUP	0.41667000000000004	0.0	5.18164	0.16176936864650804	OUTGROUP_CAPSID_01|Escherichia_phage_T4|major_head_protein|NP_049787.1|OUTGROUP	3.92478	0.2030547557454343	0.1313111552846929	yes	0.1577	14.0	0.2133	0.1489	0.1833	8.499	0.1594948478787241	OUTGROUP_CAPSID_02|Escherichia_phage_phiC120|major_head_protein|YP_010090013.1|OUTGROUP	0.20131465751883926	0.11923191637495623	0.08052055537115571
query4|unknown_host|Lactobacillus_phage_ViSo_2018a	O09496|Escherichia|Bacteriophage_K5|Podo|RBP	no	NA	NA	NA	NA	0.0	OUTGROUP_CAPSID_05|Klebsiella_phage_vB_KpnM_KpV477|major_head_protein|YP_009288862.1|OUTGROUP	0.41667000000000004	0.0	5.19134	0.16151592385493285	OUTGROUP_CAPSID_01|Escherichia_phage_T4|major_head_protein|NP_049787.1|OUTGROUP	3.92478	0.2030547557454343	0.1310577104931177	yes	0.1526	13.0	0.2211	0.1444	0.178	8.565	0.15943956612650287	OUTGROUP_CAPSID_02|Escherichia_phage_phiC120|major_head_protein|YP_010090013.1|OUTGROUP	0.20131465751883926	0.119176634622735	0.08043508147237344
query4|unknown_host|Lactobacillus_phage_ViSo_2018a	P10308|Enterobacteria|Bacteriophage_T3|Podo|RBP	no	NA	NA	NA	NA	0.0	OUTGROUP_CAPSID_05|Klebsiella_phage_vB_KpnM_KpV477|major_head_protein|YP_009288862.1|OUTGROUP	0.41667000000000004	0.0	6.640969999999999	0.1308734362260289	OUTGROUP_CAPSID_01|Escherichia_phage_T4|major_head_protein|NP_049787.1|OUTGROUP	3.92478	0.2030547557454343	0.10041522286421375	yes	0.1231	10.0	0.3336	0.1083	0.1488	7.258	0.1784489392104626	OUTGROUP_CAPSID_02|Escherichia_phage_phiC120|major_head_protein|YP_010090013.1|OUTGROUP	0.20131465751883926	0.13818600770669473	0.08037820879873134
query4|unknown_host|Lactobacillus_phage_ViSo_2018a	AEM91898.1|Escherichia|Bacteriophage_Cba120|Sipho|RBP	no	NA	NA	NA	NA	0.0	OUTGROUP_CAPSID_05|Klebsiella_phage_vB_KpnM_KpV477|major_head_protein|YP_009288862.1|OUTGROUP	0.41667000000000004	0.0	6.11195	0.14060841260132592	OUTGROUP_CAPSID_01|Escherichia_phage_T4|major_head_protein|NP_049787.1|OUTGROUP	3.92478	0.2030547557454343	0.11015019923951078	yes	0.1621	14.0	0.2456	0.1532	0.189	8.231	0.17194612501354134	OUTGROUP_CAPSID_02|Escherichia_phage_phiC120|major_head_protein|YP_010090013.1|OUTGROUP	0.20131465751883926	0.13168319350977348	0.08021082721378708
query4|unknown_host|Lactobacillus_phage_ViSo_2018a	QLF82969.1|Klebsiella|Bacteriophage_KpnM6E1|Myo|RBP	no	NA	NA	NA	NA	0.0	OUTGROUP_CAPSID_05|Klebsiella_phage_vB_KpnM_KpV477|major_head_protein|YP_009288862.1|OUTGROUP	0.41667000000000004	0.0	6.9244699999999995	0.12619140459866718	OUTGROUP_CAPSID_01|Escherichia_phage_T4|major_head_protein|NP_049787.1|OUTGROUP	3.92478	0.2030547557454343	0.09573319123685203	yes	0.1657	7.0	0.3745	0.07885	0.2836	5.96	0.18051063218390803	OUTGROUP_CAPSID_02|Escherichia_phage_phiC120|major_head_protein|YP_010090013.1|OUTGROUP	0.20131465751883926	0.14024770068014017	0.08003237808126908
query4|unknown_host|Lactobacillus_phage_ViSo_2018a	Q9XJP3|Shigella|Bacteriophage_Sf6|Podo|RBP	no	NA	NA	NA	NA	0.0	OUTGROUP_CAPSID_05|Klebsiella_phage_vB_KpnM_KpV477|major_head_protein|YP_009288862.1|OUTGROUP	0.41667000000000004	0.0	5.863060000000001	0.14570759981699125	OUTGROUP_CAPSID_01|Escherichia_phage_T4|major_head_protein|NP_049787.1|OUTGROUP	3.92478	0.2030547557454343	0.1152493864551761	yes	0.1597	14.0	0.2323	0.149	0.1868	8.183	0.16596937493193945	OUTGROUP_CAPSID_02|Escherichia_phage_phiC120|major_head_protein|YP_010090013.1|OUTGROUP	0.20131465751883926	0.12570644342817158	0.07909492398506265
query4|unknown_host|Lactobacillus_phage_ViSo_2018a	Q775D6|Bordetella|Bacteriophage_BPP-1|Podo|RBP	no	NA	NA	NA	NA	0.0	OUTGROUP_CAPSID_05|Klebsiella_phage_vB_KpnM_KpV477|major_head_protein|YP_009288862.1|OUTGROUP	0.41667000000000004	0.0	7.08923	0.1236211604812819	OUTGROUP_CAPSID_01|Escherichia_phage_T4|major_head_protein|NP_049787.1|OUTGROUP	3.92478	0.2030547557454343	0.09316294711946675	yes	0.1946	13.0	0.271	0.1446	0.2683	6.793	0.1792640574874888	OUTGROUP_CAPSID_02|Escherichia_phage_phiC120|major_head_protein|YP_010090013.1|OUTGROUP	0.20131465751883926	0.13900112598372094	0.07889118717335507
query4|unknown_host|Lactobacillus_phage_ViSo_2018a	P03744|Enterobacteria|Bacteriophage_T4|Myo|RBP	no	NA	NA	NA	NA	0.0	OUTGROUP_CAPSID_05|Klebsiella_phage_vB_KpnM_KpV477|major_head_protein|YP_009288862.1|OUTGROUP	0.41667000000000004	0.0	6.98789	0.12518950561412337	OUTGROUP_CAPSID_01|Escherichia_phage_T4|major_head_protein|NP_049787.1|OUTGROUP	3.92478	0.2030547557454343	0.09473129225230822	yes	0.151	16.0	0.2394	0.1706	0.1448	8.487	0.17820147991989035	OUTGROUP_CAPSID_02|Escherichia_phage_phiC120|major_head_protein|YP_010090013.1|OUTGROUP	0.20131465751883926	0.1379385484161225	0.07885824242952605
query4|unknown_host|Lactobacillus_phage_ViSo_2018a	P03748|Escherichia|Bacteriophage_T7|Podo|RBP	no	NA	NA	NA	NA	0.0	OUTGROUP_CAPSID_05|Klebsiella_phage_vB_KpnM_KpV477|major_head_protein|YP_009288862.1|OUTGROUP	0.41667000000000004	0.0	6.709569999999999	0.1297089202121519	OUTGROUP_CAPSID_01|Escherichia_phage_T4|major_head_protein|NP_049787.1|OUTGROUP	3.92478	0.2030547557454343	0.09925070685033677	yes	0.1408	11.0	0.2898	0.125	0.1713	8.06	0.171515055187638	OUTGROUP_CAPSID_02|Escherichia_phage_phiC120|major_head_protein|YP_010090013.1|OUTGROUP	0.20131465751883926	0.13125212368387013	0.07731352618613224
query4|unknown_host|Lactobacillus_phage_ViSo_2018a	P10930|Enterobacteria|Bacteriophage_T4|Myo|RBP	no	NA	NA	NA	NA	0.0	OUTGROUP_CAPSID_05|Klebsiella_phage_vB_KpnM_KpV477|major_head_protein|YP_009288862.1|OUTGROUP	0.41667000000000004	0.0	6.56978	0.13210423552599945	OUTGROUP_CAPSID_01|Escherichia_phage_T4|major_head_protein|NP_049787.1|OUTGROUP	3.92478	0.2030547557454343	0.10164602216418431	yes	0.1181	9.0	0.2856	0.1017	0.1464	7.241	0.16079889940541198	OUTGROUP_CAPSID_02|Escherichia_phage_phiC120|major_head_protein|YP_010090013.1|OUTGROUP	0.20131465751883926	0.12053596790164411	0.07362589270170372
query4|unknown_host|Lactobacillus_phage_ViSo_2018a	NP_112089.1|Enterobacteria|Bacteriophage_HK620|Sipho|RBP	no	NA	NA	NA	NA	0.0	OUTGROUP_CAPSID_05|Klebsiella_phage_vB_KpnM_KpV477|major_head_protein|YP_009288862.1|OUTGROUP	0.41667000000000004	0.0	7.33681	0.11994995687799051	OUTGROUP_CAPSID_01|Escherichia_phage_T4|major_head_protein|NP_049787.1|OUTGROUP	3.92478	0.2030547557454343	0.08949174351617536	yes	0.1734	6.0	0.3274	0.06896	0.3181	5.652	0.1627661455201443	OUTGROUP_CAPSID_02|Escherichia_phage_phiC120|major_head_protein|YP_010090013.1|OUTGROUP	0.20131465751883926	0.12250321401637643	0.07137422148559441
query4|unknown_host|Lactobacillus_phage_ViSo_2018a	pdb_00007qlr|Clostridium|Bacteriophage_C._difficile|Sipho|RBP	no	NA	NA	NA	NA	0.0	OUTGROUP_CAPSID_05|Klebsiella_phage_vB_KpnM_KpV477|major_head_protein|YP_009288862.1|OUTGROUP	0.41667000000000004	0.0	3.48897	0.22276825195980368	OUTGROUP_CAPSID_01|Escherichia_phage_T4|major_head_protein|NP_049787.1|OUTGROUP	3.92478	0.2030547557454343	0.19231003859798854	no	NA	NA	NA	NA	NA	NA	0.0	OUTGROUP_CAPSID_02|Escherichia_phage_phiC120|major_head_protein|YP_010090013.1|OUTGROUP	0.20131465751883926	0.0	0.048077509649497134
query4|unknown_host|Lactobacillus_phage_ViSo_2018a	P0DTN8|Klebsiella|Bacteriophage_RAD2|Podo|RBP	no	NA	NA	NA	NA	0.0	OUTGROUP_CAPSID_05|Klebsiella_phage_vB_KpnM_KpV477|major_head_protein|YP_009288862.1|OUTGROUP	0.41667000000000004	0.0	5.100029999999999	0.16393361999859019	OUTGROUP_CAPSID_01|Escherichia_phage_T4|major_head_protein|NP_049787.1|OUTGROUP	3.92478	0.2030547557454343	0.13347540663677504	no	NA	NA	NA	NA	NA	NA	0.0	OUTGROUP_CAPSID_02|Escherichia_phage_phiC120|major_head_protein|YP_010090013.1|OUTGROUP	0.20131465751883926	0.0	0.03336885165919376
query4|unknown_host|Lactobacillus_phage_ViSo_2018a	P0DTN7|Klebsiella|Bacteriophage_B1|Podo|RBP	no	NA	NA	NA	NA	0.0	OUTGROUP_CAPSID_05|Klebsiella_phage_vB_KpnM_KpV477|major_head_protein|YP_009288862.1|OUTGROUP	0.41667000000000004	0.0	5.104769999999999	0.1638063350462016	OUTGROUP_CAPSID_01|Escherichia_phage_T4|major_head_protein|NP_049787.1|OUTGROUP	3.92478	0.2030547557454343	0.13334812168438645	no	NA	NA	NA	NA	NA	NA	0.0	OUTGROUP_CAPSID_02|Escherichia_phage_phiC120|major_head_protein|YP_010090013.1|OUTGROUP	0.20131465751883926	0.0	0.03333703042109661
query4|unknown_host|Lactobacillus_phage_ViSo_2018a	P08234|Enterobacteria|Bacteriophage_M1|Podo|RBP	no	NA	NA	NA	NA	0.0	OUTGROUP_CAPSID_05|Klebsiella_phage_vB_KpnM_KpV477|major_head_protein|YP_009288862.1|OUTGROUP	0.41667000000000004	0.0	5.19169	0.16150679378328048	OUTGROUP_CAPSID_01|Escherichia_phage_T4|major_head_protein|NP_049787.1|OUTGROUP	3.92478	0.2030547557454343	0.13104858042146533	no	NA	NA	NA	NA	NA	NA	0.0	OUTGROUP_CAPSID_02|Escherichia_phage_phiC120|major_head_protein|YP_010090013.1|OUTGROUP	0.20131465751883926	0.0	0.03276214510536633
query4|unknown_host|Lactobacillus_phage_ViSo_2018a	pdb_00005yvq|Enterobacteria|Bacteriophage_Mu|Myo|RBP	no	NA	NA	NA	NA	0.0	OUTGROUP_CAPSID_05|Klebsiella_phage_vB_KpnM_KpV477|major_head_protein|YP_009288862.1|OUTGROUP	0.41667000000000004	0.0	5.500299999999999	0.15383905358214237	OUTGROUP_CAPSID_01|Escherichia_phage_T4|major_head_protein|NP_049787.1|OUTGROUP	3.92478	0.2030547557454343	0.12338084022032722	no	NA	NA	NA	NA	NA	NA	0.0	OUTGROUP_CAPSID_02|Escherichia_phage_phiC120|major_head_protein|YP_010090013.1|OUTGROUP	0.20131465751883926	0.0	0.030845210055081805
query4|unknown_host|Lactobacillus_phage_ViSo_2018a	Q9G0B4|Escherichia|Bacteriophage_AR1|Podo|RBP	no	NA	NA	NA	NA	0.0	OUTGROUP_CAPSID_05|Klebsiella_phage_vB_KpnM_KpV477|major_head_protein|YP_009288862.1|OUTGROUP	0.41667000000000004	0.0	5.5079	0.15365939857711397	OUTGROUP_CAPSID_01|Escherichia_phage_T4|major_head_protein|NP_049787.1|OUTGROUP	3.92478	0.2030547557454343	0.12320118521529883	no	NA	NA	NA	NA	NA	NA	0.0	OUTGROUP_CAPSID_02|Escherichia_phage_phiC120|major_head_protein|YP_010090013.1|OUTGROUP	0.20131465751883926	0.0	0.030800296303824706
query4|unknown_host|Lactobacillus_phage_ViSo_2018a	YP_512279.1|Escherichia|Bacteriophage_phiV10|Sipho|RBP	no	NA	NA	NA	NA	0.0	OUTGROUP_CAPSID_05|Klebsiella_phage_vB_KpnM_KpV477|major_head_protein|YP_009288862.1|OUTGROUP	0.41667000000000004	0.0	6.195989999999999	0.13896628538950168	OUTGROUP_CAPSID_01|Escherichia_phage_T4|major_head_protein|NP_049787.1|OUTGROUP	3.92478	0.2030547557454343	0.10850807202768653	no	NA	NA	NA	NA	NA	NA	0.0	OUTGROUP_CAPSID_02|Escherichia_phage_phiC120|major_head_protein|YP_010090013.1|OUTGROUP	0.20131465751883926	0.0	0.027127018006921633
query4|unknown_host|Lactobacillus_phage_ViSo_2018a	P22588|Escherichia|Bacteriophage_P1|Myo|RBP	no	NA	NA	NA	NA	0.0	OUTGROUP_CAPSID_05|Klebsiella_phage_vB_KpnM_KpV477|major_head_protein|YP_009288862.1|OUTGROUP	0.41667000000000004	0.0	6.44243	0.13436471690025972	OUTGROUP_CAPSID_01|Escherichia_phage_T4|major_head_protein|NP_049787.1|OUTGROUP	3.92478	0.2030547557454343	0.10390650353844458	no	NA	NA	NA	NA	NA	NA	0.0	OUTGROUP_CAPSID_02|Escherichia_phage_phiC120|major_head_protein|YP_010090013.1|OUTGROUP	0.20131465751883926	0.0	0.025976625884611144
query4|unknown_host|Lactobacillus_phage_ViSo_2018a	P23207.2|Escherichia|Bacteriophage_T5|Sipho|RBP	no	NA	NA	NA	NA	0.0	OUTGROUP_CAPSID_05|Klebsiella_phage_vB_KpnM_KpV477|major_head_protein|YP_009288862.1|OUTGROUP	0.41667000000000004	0.0	6.467639999999999	0.13391111515820261	OUTGROUP_CAPSID_01|Escherichia_phage_T4|major_head_protein|NP_049787.1|OUTGROUP	3.92478	0.2030547557454343	0.10345290179638747	no	NA	NA	NA	NA	NA	NA	0.0	OUTGROUP_CAPSID_02|Escherichia_phage_phiC120|major_head_protein|YP_010090013.1|OUTGROUP	0.20131465751883926	0.0	0.025863225449096867
query4|unknown_host|Lactobacillus_phage_ViSo_2018a	pdb_00004rga|Lactococcus|Bacteriophage_1358|Sipho|RBP	no	NA	NA	NA	NA	0.0	OUTGROUP_CAPSID_05|Klebsiella_phage_vB_KpnM_KpV477|major_head_protein|YP_009288862.1|OUTGROUP	0.41667000000000004	0.0	6.995329999999999	0.12507301137038748	OUTGROUP_CAPSID_01|Escherichia_phage_T4|major_head_protein|NP_049787.1|OUTGROUP	3.92478	0.2030547557454343	0.09461479800857234	no	NA	NA	NA	NA	NA	NA	0.0	OUTGROUP_CAPSID_02|Escherichia_phage_phiC120|major_head_protein|YP_010090013.1|OUTGROUP	0.20131465751883926	0.0	0.023653699502143084
query4|unknown_host|Lactobacillus_phage_ViSo_2018a	P07627|Enterobacteria|Bacteriophage_Ox2|Sipho|RBP	no	NA	NA	NA	NA	0.0	OUTGROUP_CAPSID_05|Klebsiella_phage_vB_KpnM_KpV477|major_head_protein|YP_009288862.1|OUTGROUP	0.41667000000000004	0.0	7.00957	0.12485064741303216	OUTGROUP_CAPSID_01|Escherichia_phage_T4|major_head_protein|NP_049787.1|OUTGROUP	3.92478	0.2030547557454343	0.09439243405121701	no	NA	NA	NA	NA	NA	NA	0.0	OUTGROUP_CAPSID_02|Escherichia_phage_phiC120|major_head_protein|YP_010090013.1|OUTGROUP	0.20131465751883926	0.0	0.023598108512804254
query4|unknown_host|Lactobacillus_phage_ViSo_2018a	pdb_00005e7f|Lactococcus|Bacteriophage_Tuc2009|Sipho|RBP	no	NA	NA	NA	NA	0.0	OUTGROUP_CAPSID_05|Klebsiella_phage_vB_KpnM_KpV477|major_head_protein|YP_009288862.1|OUTGROUP	0.41667000000000004	0.0	7.297179999999999	0.12052287644717845	OUTGROUP_CAPSID_01|Escherichia_phage_T4|major_head_protein|NP_049787.1|OUTGROUP	3.92478	0.2030547557454343	0.0900646630853633	no	NA	NA	NA	NA	NA	NA	0.0	OUTGROUP_CAPSID_02|Escherichia_phage_phiC120|major_head_protein|YP_010090013.1|OUTGROUP	0.20131465751883926	0.0	0.022516165771340826
query5|Klebsiella_pneumoniae|Klebsiella_phage_K5	YP_003347556.1|Klebsiella|Bacteriophage_KP32|Podo|RBP	yes	86.609	1.0	0.0	1040.0	0.9531314999999999	OUTGROUP_CAPSID_05|Klebsiella_phage_vB_KpnM_KpV477|major_head_protein|YP_009288862.1|OUTGROUP	0.32432	0.9206994999999999	0.10593	0.9042163608908339	OUTGROUP_CAPSID_01|Escherichia_phage_T4|major_head_protein|NP_049787.1|OUTGROUP	2.49275	0.28630735094123544	0.8612702582496485	yes	0.8705	87.0	0.889	0.8847	0.8832	3.685	0.7517394343649946	OUTGROUP_CAPSID_04|Escherichia_phage_IME08|major_head_protein|YP_003734314.1|OUTGROUP	0.17691498227963873	0.7163564379090668	0.8241049647260388
query5|Klebsiella_pneumoniae|Klebsiella_phage_K5	YP_512279.1|Escherichia|Bacteriophage_phiV10|Sipho|RBP	no	NA	NA	NA	NA	0.0	OUTGROUP_CAPSID_05|Klebsiella_phage_vB_KpnM_KpV477|major_head_protein|YP_009288862.1|OUTGROUP	0.32432	0.0	2.56146	0.28078372352911446	OUTGROUP_CAPSID_01|Escherichia_phage_T4|major_head_protein|NP_049787.1|OUTGROUP	2.49275	0.28630735094123544	0.23783762088792915	yes	0.3904	46.0	0.7418	0.4732	0.3179	3.629	0.5023458759991359	OUTGROUP_CAPSID_04|Escherichia_phage_IME08|major_head_protein|YP_003734314.1|OUTGROUP	0.17691498227963873	0.4669628795432082	0.24624455703926557
query5|Klebsiella_pneumoniae|Klebsiella_phage_K5	P0DTN8|Klebsiella|Bacteriophage_RAD2|Podo|RBP	no	NA	NA	NA	NA	0.0	OUTGROUP_CAPSID_05|Klebsiella_phage_vB_KpnM_KpV477|major_head_protein|YP_009288862.1|OUTGROUP	0.32432	0.0	1.4655	0.4055972419387548	OUTGROUP_CAPSID_01|Escherichia_phage_T4|major_head_protein|NP_049787.1|OUTGROUP	2.49275	0.28630735094123544	0.3626511392975695	yes	0.3847	45.0	0.5254	0.4743	0.3176	5.891	0.4237933638078653	OUTGROUP_CAPSID_04|Escherichia_phage_IME08|major_head_protein|YP_003734314.1|OUTGROUP	0.17691498227963873	0.38841036735193757	0.24602693176516743
query5|Klebsiella_pneumoniae|Klebsiella_phage_K5	P0DTN7|Klebsiella|Bacteriophage_B1|Podo|RBP	no	NA	NA	NA	NA	0.0	OUTGROUP_CAPSID_05|Klebsiella_phage_vB_KpnM_KpV477|major_head_protein|YP_009288862.1|OUTGROUP	0.32432	0.0	1.47024	0.4048189649588704	OUTGROUP_CAPSID_01|Escherichia_phage_T4|major_head_protein|NP_049787.1|OUTGROUP	2.49275	0.28630735094123544	0.36187286231768506	yes	0.3858	46.0	0.5206	0.4758	0.3182	5.841	0.423315491887151	OUTGROUP_CAPSID_04|Escherichia_phage_IME08|major_head_protein|YP_003734314.1|OUTGROUP	0.17691498227963873	0.38793249543122327	0.24564121375191056
query5|Klebsiella_pneumoniae|Klebsiella_phage_K5	P20345|Bacillus|Bacteriophage_phi-29|Podo|RBP	no	NA	NA	NA	NA	0.0	OUTGROUP_CAPSID_05|Klebsiella_phage_vB_KpnM_KpV477|major_head_protein|YP_009288862.1|OUTGROUP	0.32432	0.0	2.47309	0.2879280410239873	OUTGROUP_CAPSID_01|Escherichia_phage_T4|major_head_protein|NP_049787.1|OUTGROUP	2.49275	0.28630735094123544	0.24498193838280197	yes	0.4591	53.0	0.6007	0.5525	0.3849	4.941	0.49012436626830497	OUTGROUP_CAPSID_04|Escherichia_phage_IME08|major_head_protein|YP_003734314.1|OUTGROUP	0.17691498227963873	0.4547413698123772	0.24314203252065142
query5|Klebsiella_pneumoniae|Klebsiella_phage_K5	P07537|Bacillus|Bacteriophage_PZA|Podo|RBP	no	NA	NA	NA	NA	0.0	OUTGROUP_CAPSID_05|Klebsiella_phage_vB_KpnM_KpV477|major_head_protein|YP_009288862.1|OUTGROUP	0.32432	0.0	2.47018	0.28816948976710144	OUTGROUP_CAPSID_01|Escherichia_phage_T4|major_head_protein|NP_049787.1|OUTGROUP	2.49275	0.28630735094123544	0.24522338712591613	yes	0.451	52.0	0.5737	0.5434	0.3798	4.839	0.47806244048638463	OUTGROUP_CAPSID_04|Escherichia_phage_IME08|major_head_protein|YP_003734314.1|OUTGROUP	0.17691498227963873	0.4426794440304569	0.23837762439366178
query5|Klebsiella_pneumoniae|Klebsiella_phage_K5	AEM91898.1|Escherichia|Bacteriophage_Cba120|Sipho|RBP	no	NA	NA	NA	NA	0.0	OUTGROUP_CAPSID_05|Klebsiella_phage_vB_KpnM_KpV477|major_head_protein|YP_009288862.1|OUTGROUP	0.32432	0.0	2.93196	0.2543260867353686	OUTGROUP_CAPSID_01|Escherichia_phage_T4|major_head_protein|NP_049787.1|OUTGROUP	2.49275	0.28630735094123544	0.2113799840941833	yes	0.4891	50.0	0.6597	0.5217	0.4829	4.93	0.4924868128161889	OUTGROUP_CAPSID_04|Escherichia_phage_IME08|major_head_protein|YP_003734314.1|OUTGROUP	0.17691498227963873	0.45710381636026115	0.23568652256765027
query5|Klebsiella_pneumoniae|Klebsiella_phage_K5	YP_654147.1|Escherichia|Bacteriophage_K1-5|Podo|RBP	no	NA	NA	NA	NA	0.0	OUTGROUP_CAPSID_05|Klebsiella_phage_vB_KpnM_KpV477|major_head_protein|YP_009288862.1|OUTGROUP	0.32432	0.0	3.74961	0.21054360252736537	OUTGROUP_CAPSID_01|Escherichia_phage_T4|major_head_protein|NP_049787.1|OUTGROUP	2.49275	0.28630735094123544	0.16759749988618006	yes	0.5141	53.0	0.6672	0.5481	0.5031	4.784	0.5087881466113416	OUTGROUP_CAPSID_04|Escherichia_phage_IME08|major_head_protein|YP_003734314.1|OUTGROUP	0.17691498227963873	0.4734051501554139	0.2312614350337106
query5|Klebsiella_pneumoniae|Klebsiella_phage_K5	AEM91897.1|Escherichia|Bacteriophage_Cba120|Sipho|RBP	no	NA	NA	NA	NA	0.0	OUTGROUP_CAPSID_05|Klebsiella_phage_vB_KpnM_KpV477|major_head_protein|YP_009288862.1|OUTGROUP	0.32432	0.0	2.81676	0.26200232658066	OUTGROUP_CAPSID_01|Escherichia_phage_T4|major_head_protein|NP_049787.1|OUTGROUP	2.49275	0.28630735094123544	0.21905622393947471	yes	0.4328	52.0	0.5628	0.5351	0.3445	4.357	0.47372432891543775	OUTGROUP_CAPSID_04|Escherichia_phage_IME08|major_head_protein|YP_003734314.1|OUTGROUP	0.17691498227963873	0.43834133245951	0.2301005889686727
query5|Klebsiella_pneumoniae|Klebsiella_phage_K5	AEL79676.1|Escherichia|Bacteriophage_vB_EcoP_G7C|Podo|RBP	no	NA	NA	NA	NA	0.0	OUTGROUP_CAPSID_05|Klebsiella_phage_vB_KpnM_KpV477|major_head_protein|YP_009288862.1|OUTGROUP	0.32432	0.0	2.7599099999999996	0.2659638129636082	OUTGROUP_CAPSID_01|Escherichia_phage_T4|major_head_protein|NP_049787.1|OUTGROUP	2.49275	0.28630735094123544	0.2230177103224229	yes	0.423	53.0	0.5511	0.5504	0.3168	5.586	0.47089744609778317	OUTGROUP_CAPSID_04|Escherichia_phage_IME08|major_head_protein|YP_003734314.1|OUTGROUP	0.17691498227963873	0.43551444964185543	0.2299602074373479
query5|Klebsiella_pneumoniae|Klebsiella_phage_K5	O09496|Escherichia|Bacteriophage_K5|Podo|RBP	no	NA	NA	NA	NA	0.0	OUTGROUP_CAPSID_05|Klebsiella_phage_vB_KpnM_KpV477|major_head_protein|YP_009288862.1|OUTGROUP	0.32432	0.0	3.75931	0.2101144913863564	OUTGROUP_CAPSID_01|Escherichia_phage_T4|major_head_protein|NP_049787.1|OUTGROUP	2.49275	0.28630735094123544	0.1671683887451711	yes	0.5111	53.0	0.6609	0.5458	0.5012	5.173	0.5035691576219018	OUTGROUP_CAPSID_04|Escherichia_phage_IME08|major_head_protein|YP_003734314.1|OUTGROUP	0.17691498227963873	0.46818616116597406	0.2290665616526824
query5|Klebsiella_pneumoniae|Klebsiella_phage_K5	YP_009880322.1|Escherichia|Bacteriophage_ep75|Sipho|RBP	no	NA	NA	NA	NA	0.0	OUTGROUP_CAPSID_05|Klebsiella_phage_vB_KpnM_KpV477|major_head_protein|YP_009288862.1|OUTGROUP	0.32432	0.0	3.2148399999999997	0.23725693027493336	OUTGROUP_CAPSID_01|Escherichia_phage_T4|major_head_protein|NP_049787.1|OUTGROUP	2.49275	0.28630735094123544	0.19431082763374805	yes	0.484	54.0	0.568	0.5572	0.4395	5.793	0.4784420727219196	OUTGROUP_CAPSID_04|Escherichia_phage_IME08|major_head_protein|YP_003734314.1|OUTGROUP	0.17691498227963873	0.44305907626599184	0.22580133741483377
query5|Klebsiella_pneumoniae|Klebsiella_phage_K5	Q9XJP3|Shigella|Bacteriophage_Sf6|Podo|RBP	no	NA	NA	NA	NA	0.0	OUTGROUP_CAPSID_05|Klebsiella_phage_vB_KpnM_KpV477|major_head_protein|YP_009288862.1|OUTGROUP	0.32432	0.0	4.43103	0.18412713610493775	OUTGROUP_CAPSID_01|Escherichia_phage_T4|major_head_protein|NP_049787.1|OUTGROUP	2.49275	0.28630735094123544	0.14118103346375244	yes	0.5132	53.0	0.6693	0.546	0.5088	5.219	0.5059495111754302	OUTGROUP_CAPSID_04|Escherichia_phage_IME08|major_head_protein|YP_003734314.1|OUTGROUP	0.17691498227963873	0.47056651471950245	0.2235218642537391
query5|Klebsiella_pneumoniae|Klebsiella_phage_K5	P12528|Salmonella|Bacteriophage_P22|Podo|RBP	no	NA	NA	NA	NA	0.0	OUTGROUP_CAPSID_05|Klebsiella_phage_vB_KpnM_KpV477|major_head_protein|YP_009288862.1|OUTGROUP	0.32432	0.0	3.71543	0.21206973701231915	OUTGROUP_CAPSID_01|Escherichia_phage_T4|major_head_protein|NP_049787.1|OUTGROUP	2.49275	0.28630735094123544	0.16912363437113384	yes	0.4979	53.0	0.5911	0.5438	0.4755	4.849	0.48342387929560604	OUTGROUP_CAPSID_04|Escherichia_phage_IME08|major_head_protein|YP_003734314.1|OUTGROUP	0.17691498227963873	0.4480408828396783	0.2214972617286548
query5|Klebsiella_pneumoniae|Klebsiella_phage_K5	Q858F5|Salmonella|Bacteriophage_epsilon15|Podo|RBP	no	NA	NA	NA	NA	0.0	OUTGROUP_CAPSID_05|Klebsiella_phage_vB_KpnM_KpV477|major_head_protein|YP_009288862.1|OUTGROUP	0.32432	0.0	3.86233	0.20566271725695295	OUTGROUP_CAPSID_01|Escherichia_phage_T4|major_head_protein|NP_049787.1|OUTGROUP	2.49275	0.28630735094123544	0.16271661461576764	yes	0.418	53.0	0.5962	0.5447	0.3083	5.094	0.4840291663931736	OUTGROUP_CAPSID_04|Escherichia_phage_IME08|major_head_protein|YP_003734314.1|OUTGROUP	0.17691498227963873	0.4486461699372459	0.22013762162884026
query5|Klebsiella_pneumoniae|Klebsiella_phage_K5	APZ82848.1|Klebsiella|Bacteriophage_K5-4|Myo|RBP	no	NA	NA	NA	NA	0.0	OUTGROUP_CAPSID_05|Klebsiella_phage_vB_KpnM_KpV477|major_head_protein|YP_009288862.1|OUTGROUP	0.32432	0.0	3.8216900000000003	0.20739616192662738	OUTGROUP_CAPSID_01|Escherichia_phage_T4|major_head_protein|NP_049787.1|OUTGROUP	2.49275	0.28630735094123544	0.16445005928544207	yes	0.4967	53.0	0.5719	0.5497	0.4716	5.337	0.47798067539845346	OUTGROUP_CAPSID_04|Escherichia_phage_IME08|major_head_protein|YP_003734314.1|OUTGROUP	0.17691498227963873	0.4425976789425257	0.21815158639837082
query5|Klebsiella_pneumoniae|Klebsiella_phage_K5	K9L8K6|Klebsiella|Bacteriophage_KP36|Podo|RBP	no	NA	NA	NA	NA	0.0	OUTGROUP_CAPSID_05|Klebsiella_phage_vB_KpnM_KpV477|major_head_protein|YP_009288862.1|OUTGROUP	0.32432	0.0	2.23638	0.3089872017501035	OUTGROUP_CAPSID_01|Escherichia_phage_T4|major_head_protein|NP_049787.1|OUTGROUP	2.49275	0.28630735094123544	0.2660410991089182	yes	0.3889	45.0	0.4822	0.4762	0.3312	6.642	0.40893115938236063	OUTGROUP_CAPSID_04|Escherichia_phage_IME08|major_head_protein|YP_003734314.1|OUTGROUP	0.17691498227963873	0.3735481629264329	0.21592953994780273
query5|Klebsiella_pneumoniae|Klebsiella_phage_K5	AEM91899.1|Escherichia|Bacteriophage_Cba120|Sipho|RBP	no	NA	NA	NA	NA	0.0	OUTGROUP_CAPSID_05|Klebsiella_phage_vB_KpnM_KpV477|major_head_protein|YP_009288862.1|OUTGROUP	0.32432	0.0	2.8022299999999998	0.26300355317800345	OUTGROUP_CAPSID_01|Escherichia_phage_T4|major_head_protein|NP_049787.1|OUTGROUP	2.49275	0.28630735094123544	0.22005745053681813	yes	0.3611	44.0	0.4677	0.4657	0.2843	6.879	0.3985439319710623	OUTGROUP_CAPSID_04|Escherichia_phage_IME08|major_head_protein|YP_003734314.1|OUTGROUP	0.17691498227963873	0.36316093551513456	0.20027873684025838
query5|Klebsiella_pneumoniae|Klebsiella_phage_K5	P49714|Escherichia|Bacteriophage_K1E|Podo|RBP	no	NA	NA	NA	NA	0.0	OUTGROUP_CAPSID_05|Klebsiella_phage_vB_KpnM_KpV477|major_head_protein|YP_009288862.1|OUTGROUP	0.32432	0.0	3.3069800000000003	0.23218124997097733	OUTGROUP_CAPSID_01|Escherichia_phage_T4|major_head_protein|NP_049787.1|OUTGROUP	2.49275	0.28630735094123544	0.18923514732979202	yes	0.2792	31.0	0.3399	0.3325	0.2553	8.094	0.29021252254233565	OUTGROUP_CAPSID_04|Escherichia_phage_IME08|major_head_protein|YP_003734314.1|OUTGROUP	0.17691498227963873	0.2548295260864079	0.14924059726701117
query5|Klebsiella_pneumoniae|Klebsiella_phage_K5	YP_004782195.1|Escherichia|Bacteriophage_vB_EcoP_G7C|Podo|RBP	no	NA	NA	NA	NA	0.0	OUTGROUP_CAPSID_05|Klebsiella_phage_vB_KpnM_KpV477|major_head_protein|YP_009288862.1|OUTGROUP	0.32432	0.0	4.09601	0.19623195401892854	OUTGROUP_CAPSID_01|Escherichia_phage_T4|major_head_protein|NP_049787.1|OUTGROUP	2.49275	0.28630735094123544	0.15328585137774323	yes	0.2764	31.0	0.3799	0.3361	0.2491	8.382	0.3033374163291409	OUTGROUP_CAPSID_04|Escherichia_phage_IME08|major_head_protein|YP_003734314.1|OUTGROUP	0.17691498227963873	0.26795441987321317	0.14550323079372107
query5|Klebsiella_pneumoniae|Klebsiella_phage_K5	YP_009788589.1|Klebsiella|Bacteriophage_K5-2|Myo|RBP	no	NA	NA	NA	NA	0.0	OUTGROUP_CAPSID_05|Klebsiella_phage_vB_KpnM_KpV477|major_head_protein|YP_009288862.1|OUTGROUP	0.32432	0.0	3.99804	0.200078430744852	OUTGROUP_CAPSID_01|Escherichia_phage_T4|major_head_protein|NP_049787.1|OUTGROUP	2.49275	0.28630735094123544	0.15713232810366667	yes	0.2598	29.0	0.3713	0.3097	0.2352	7.502	0.2897638767348859	OUTGROUP_CAPSID_04|Escherichia_phage_IME08|major_head_protein|YP_003734314.1|OUTGROUP	0.17691498227963873	0.25438088027895817	0.14103543413749994
query5|Klebsiella_pneumoniae|Klebsiella_phage_K5	pdb_00002fsd|Lactococcus|Bacteriophage_bIL170|Sipho|RBP	no	NA	NA	NA	NA	0.0	OUTGROUP_CAPSID_05|Klebsiella_phage_vB_KpnM_KpV477|major_head_protein|YP_009288862.1|OUTGROUP	0.32432	0.0	4.071300000000001	0.1971880977264212	OUTGROUP_CAPSID_01|Escherichia_phage_T4|major_head_protein|NP_049787.1|OUTGROUP	2.49275	0.28630735094123544	0.1542419950852359	yes	0.2957	14.0	0.583	0.1462	0.4887	3.715	0.2904178154825026	OUTGROUP_CAPSID_04|Escherichia_phage_IME08|major_head_protein|YP_003734314.1|OUTGROUP	0.17691498227963873	0.2550348190265749	0.14057442638193893
query5|Klebsiella_pneumoniae|Klebsiella_phage_K5	pdb_0000q0pdk6|Bacillus|Bacteriophage_SPP1|Sipho|RBP	no	NA	NA	NA	NA	0.0	OUTGROUP_CAPSID_05|Klebsiella_phage_vB_KpnM_KpV477|major_head_protein|YP_009288862.1|OUTGROUP	0.32432	0.0	3.4032	0.22710755813953487	OUTGROUP_CAPSID_01|Escherichia_phage_T4|major_head_protein|NP_049787.1|OUTGROUP	2.49275	0.28630735094123544	0.18416145549834956	yes	0.2313	29.0	0.3065	0.3056	0.1751	6.735	0.2706064964447317	OUTGROUP_CAPSID_04|Escherichia_phage_IME08|major_head_protein|YP_003734314.1|OUTGROUP	0.17691498227963873	0.23522349998880399	0.140129763870109
query5|Klebsiella_pneumoniae|Klebsiella_phage_K5	YP_654148.1|Escherichia|Bacteriophage_K1-5|Podo|RBP	no	NA	NA	NA	NA	0.0	OUTGROUP_CAPSID_05|Klebsiella_phage_vB_KpnM_KpV477|major_head_protein|YP_009288862.1|OUTGROUP	0.32432	0.0	3.3029100000000002	0.2324008636016091	OUTGROUP_CAPSID_01|Escherichia_phage_T4|major_head_protein|NP_049787.1|OUTGROUP	2.49275	0.28630735094123544	0.1894547609604238	yes	0.2485	27.0	0.3085	0.297	0.2272	8.05	0.26314944751381214	OUTGROUP_CAPSID_04|Escherichia_phage_IME08|major_head_protein|YP_003734314.1|OUTGROUP	0.17691498227963873	0.2277664510578844	0.13847027066325973
query5|Klebsiella_pneumoniae|Klebsiella_phage_K5	pdb_00001zru|Lactococcal|Bacteriophage_P2|Myo|RBP	no	NA	NA	NA	NA	0.0	OUTGROUP_CAPSID_05|Klebsiella_phage_vB_KpnM_KpV477|major_head_protein|YP_009288862.1|OUTGROUP	0.32432	0.0	3.8698	0.20534724218653744	OUTGROUP_CAPSID_01|Escherichia_phage_T4|major_head_protein|NP_049787.1|OUTGROUP	2.49275	0.28630735094123544	0.16240113954535212	yes	0.2951	21.0	0.4674	0.2195	0.4099	5.797	0.2793947462115639	OUTGROUP_CAPSID_04|Escherichia_phage_IME08|major_head_protein|YP_003734314.1|OUTGROUP	0.17691498227963873	0.24401174975563616	0.1382049847885925
query5|Klebsiella_pneumoniae|Klebsiella_phage_K5	Q04830|Escherichia|Bacteriophage_K1F|Podo|RBP	no	NA	NA	NA	NA	0.0	OUTGROUP_CAPSID_05|Klebsiella_phage_vB_KpnM_KpV477|major_head_protein|YP_009288862.1|OUTGROUP	0.32432	0.0	3.3557900000000003	0.2295794792678251	OUTGROUP_CAPSID_01|Escherichia_phage_T4|major_head_protein|NP_049787.1|OUTGROUP	2.49275	0.28630735094123544	0.18663337662663979	yes	0.2302	28.0	0.3047	0.2999	0.1861	8.315	0.26283074610842727	OUTGROUP_CAPSID_04|Escherichia_phage_IME08|major_head_protein|YP_003734314.1|OUTGROUP	0.17691498227963873	0.22744774965249953	0.13763744401765976
query5|Klebsiella_pneumoniae|Klebsiella_phage_K5	YP_009168860.1|Escherichia|Bacteriophage_K1H|Podo|RBP	no	NA	NA	NA	NA	0.0	OUTGROUP_CAPSID_05|Klebsiella_phage_vB_KpnM_KpV477|major_head_protein|YP_009288862.1|OUTGROUP	0.32432	0.0	3.90187	0.2040037781499713	OUTGROUP_CAPSID_01|Escherichia_phage_T4|major_head_protein|NP_049787.1|OUTGROUP	2.49275	0.28630735094123544	0.161057675508786	yes	0.2488	29.0	0.3168	0.3164	0.2087	8.044	0.2753541088014153	OUTGROUP_CAPSID_04|Escherichia_phage_IME08|major_head_protein|YP_003734314.1|OUTGROUP	0.17691498227963873	0.23997111234548757	0.13625286381539153
query5|Klebsiella_pneumoniae|Klebsiella_phage_K5	pdb_00002f0c|Lactococcus|Bacteriophage_P335|Sipho|RBP	no	NA	NA	NA	NA	0.0	OUTGROUP_CAPSID_05|Klebsiella_phage_vB_KpnM_KpV477|major_head_protein|YP_009288862.1|OUTGROUP	0.32432	0.0	3.7145900000000003	0.2121075215448215	OUTGROUP_CAPSID_01|Escherichia_phage_T4|major_head_protein|NP_049787.1|OUTGROUP	2.49275	0.28630735094123544	0.16916141890363617	yes	0.2479	14.0	0.5156	0.1518	0.3793	4.569	0.26649309032142215	OUTGROUP_CAPSID_04|Escherichia_phage_IME08|major_head_protein|YP_003734314.1|OUTGROUP	0.17691498227963873	0.23111009386549441	0.13473439227210682
query5|Klebsiella_pneumoniae|Klebsiella_phage_K5	CBY99572.1|Escherichia|Bacteriophage_phi92|Myo|RBP	no	NA	NA	NA	NA	0.0	OUTGROUP_CAPSID_05|Klebsiella_phage_vB_KpnM_KpV477|major_head_protein|YP_009288862.1|OUTGROUP	0.32432	0.0	3.8414400000000004	0.20655011732046663	OUTGROUP_CAPSID_01|Escherichia_phage_T4|major_head_protein|NP_049787.1|OUTGROUP	2.49275	0.28630735094123544	0.16360401467928132	yes	0.2411	28.0	0.31	0.3	0.2085	8.228	0.2646731686172518	OUTGROUP_CAPSID_04|Escherichia_phage_IME08|major_head_protein|YP_003734314.1|OUTGROUP	0.17691498227963873	0.22929017216132408	0.13261707253434996
query5|Klebsiella_pneumoniae|Klebsiella_phage_K5	pdb_00005e7f|Lactococcus|Bacteriophage_Tuc2009|Sipho|RBP	no	NA	NA	NA	NA	0.0	OUTGROUP_CAPSID_05|Klebsiella_phage_vB_KpnM_KpV477|major_head_protein|YP_009288862.1|OUTGROUP	0.32432	0.0	4.11719	0.1954197518559991	OUTGROUP_CAPSID_01|Escherichia_phage_T4|major_head_protein|NP_049787.1|OUTGROUP	2.49275	0.28630735094123544	0.1524736492148138	yes	0.295	17.0	0.4996	0.1809	0.4623	5.475	0.27121803088803087	OUTGROUP_CAPSID_04|Escherichia_phage_IME08|major_head_protein|YP_003734314.1|OUTGROUP	0.17691498227963873	0.23583503443210313	0.1324524260765447
query5|Klebsiella_pneumoniae|Klebsiella_phage_K5	P10308|Enterobacteria|Bacteriophage_T3|Podo|RBP	no	NA	NA	NA	NA	0.0	OUTGROUP_CAPSID_05|Klebsiella_phage_vB_KpnM_KpV477|major_head_protein|YP_009288862.1|OUTGROUP	0.32432	0.0	3.2008399999999995	0.23804762856952422	OUTGROUP_CAPSID_01|Escherichia_phage_T4|major_head_protein|NP_049787.1|OUTGROUP	2.49275	0.28630735094123544	0.1951015259283389	yes	0.1498	14.0	0.4448	0.1542	0.1583	6.362	0.23770653083401247	OUTGROUP_CAPSID_04|Escherichia_phage_IME08|major_head_protein|YP_003734314.1|OUTGROUP	0.17691498227963873	0.20232353437808473	0.12970479523331863
query5|Klebsiella_pneumoniae|Klebsiella_phage_K5	P03748|Escherichia|Bacteriophage_T7|Podo|RBP	no	NA	NA	NA	NA	0.0	OUTGROUP_CAPSID_05|Klebsiella_phage_vB_KpnM_KpV477|major_head_protein|YP_009288862.1|OUTGROUP	0.32432	0.0	3.2694399999999995	0.2342227552091141	OUTGROUP_CAPSID_01|Escherichia_phage_T4|major_head_protein|NP_049787.1|OUTGROUP	2.49275	0.28630735094123544	0.19127665256792878	yes	0.1652	16.0	0.4142	0.1708	0.1763	7.015	0.2346132127261385	OUTGROUP_CAPSID_04|Escherichia_phage_IME08|major_head_protein|YP_003734314.1|OUTGROUP	0.17691498227963873	0.19923021627021076	0.1275112496500665
query5|Klebsiella_pneumoniae|Klebsiella_phage_K5	pdb_00008xci|Escherichia|Bacteriophage_lambda|Sipho|RBP	no	NA	NA	NA	NA	0.0	OUTGROUP_CAPSID_05|Klebsiella_phage_vB_KpnM_KpV477|major_head_protein|YP_009288862.1|OUTGROUP	0.32432	0.0	3.5084	0.22180818028568894	OUTGROUP_CAPSID_01|Escherichia_phage_T4|major_head_protein|NP_049787.1|OUTGROUP	2.49275	0.28630735094123544	0.17886207764450363	yes	0.1984	24.0	0.2786	0.2633	0.153	7.898	0.23770696111485726	OUTGROUP_CAPSID_04|Escherichia_phage_IME08|major_head_protein|YP_003734314.1|OUTGROUP	0.17691498227963873	0.20232396465892952	0.12564510527469772
query5|Klebsiella_pneumoniae|Klebsiella_phage_K5	M1EBB2.1|Salmonella|Salmonella_phage_vB_SenM-S16|Myo|RBP	no	NA	NA	NA	NA	0.0	OUTGROUP_CAPSID_05|Klebsiella_phage_vB_KpnM_KpV477|major_head_protein|YP_009288862.1|OUTGROUP	0.32432	0.0	4.450270000000001	0.1834771488384979	OUTGROUP_CAPSID_01|Escherichia_phage_T4|major_head_protein|NP_049787.1|OUTGROUP	2.49275	0.28630735094123544	0.14053104619731258	yes	0.2729	17.0	0.4034	0.1825	0.3838	4.039	0.2519604147648343	OUTGROUP_CAPSID_04|Escherichia_phage_IME08|major_head_protein|YP_003734314.1|OUTGROUP	0.17691498227963873	0.21657741830890653	0.12176372887289078
query5|Klebsiella_pneumoniae|Klebsiella_phage_K5	P23207.2|Escherichia|Bacteriophage_T5|Sipho|RBP	no	NA	NA	NA	NA	0.0	OUTGROUP_CAPSID_05|Klebsiella_phage_vB_KpnM_KpV477|major_head_protein|YP_009288862.1|OUTGROUP	0.32432	0.0	3.0275100000000004	0.2482923692306164	OUTGROUP_CAPSID_01|Escherichia_phage_T4|major_head_protein|NP_049787.1|OUTGROUP	2.49275	0.28630735094123544	0.2053462665894311	yes	0.1718	17.0	0.2992	0.1889	0.1745	8.004	0.20642235006663706	OUTGROUP_CAPSID_04|Escherichia_phage_IME08|major_head_protein|YP_003734314.1|OUTGROUP	0.17691498227963873	0.17103935361070932	0.1197523080916415
query5|Klebsiella_pneumoniae|Klebsiella_phage_K5	P13332|Enterobacteria|Bacteriophage_T4|Myo|RBP	no	NA	NA	NA	NA	0.0	OUTGROUP_CAPSID_05|Klebsiella_phage_vB_KpnM_KpV477|major_head_protein|YP_009288862.1|OUTGROUP	0.32432	0.0	4.445690000000001	0.18363145900703123	OUTGROUP_CAPSID_01|Escherichia_phage_T4|major_head_protein|NP_049787.1|OUTGROUP	2.49275	0.28630735094123544	0.14068535636584592	yes	0.2447	25.0	0.2882	0.2725	0.2455	8.132	0.24461100744634257	OUTGROUP_CAPSID_04|Escherichia_phage_IME08|major_head_protein|YP_003734314.1|OUTGROUP	0.17691498227963873	0.20922801099041483	0.11886254348762743
query5|Klebsiella_pneumoniae|Klebsiella_phage_K5	YP_006382457.1|Escherichia|Bacteriophage_vB_EcoS_AKFV33|Sipho|RBP	no	NA	NA	NA	NA	0.0	OUTGROUP_CAPSID_05|Klebsiella_phage_vB_KpnM_KpV477|major_head_protein|YP_009288862.1|OUTGROUP	0.32432	0.0	3.04068	0.24748309690448142	OUTGROUP_CAPSID_01|Escherichia_phage_T4|major_head_protein|NP_049787.1|OUTGROUP	2.49275	0.28630735094123544	0.2045369942632961	yes	0.1659	16.0	0.2848	0.1766	0.1743	7.975	0.1960241225626741	OUTGROUP_CAPSID_04|Escherichia_phage_IME08|major_head_protein|YP_003734314.1|OUTGROUP	0.17691498227963873	0.16064112610674636	0.11539069900852258
query5|Klebsiella_pneumoniae|Klebsiella_phage_K5	AUV56907.1|Staphylococcus|Bacteriophage_vB_SauM_LM12|Myo|RBP	no	NA	NA	NA	NA	0.0	OUTGROUP_CAPSID_05|Klebsiella_phage_vB_KpnM_KpV477|major_head_protein|YP_009288862.1|OUTGROUP	0.32432	0.0	3.8200600000000002	0.2074662971000361	OUTGROUP_CAPSID_01|Escherichia_phage_T4|major_head_protein|NP_049787.1|OUTGROUP	2.49275	0.28630735094123544	0.1645201944588508	yes	0.2315	21.0	0.2677	0.2245	0.2669	7.515	0.21604796241926014	OUTGROUP_CAPSID_04|Escherichia_phage_IME08|major_head_protein|YP_003734314.1|OUTGROUP	0.17691498227963873	0.1806649659633324	0.11339603500004566
query5|Klebsiella_pneumoniae|Klebsiella_phage_K5	NP_112089.1|Enterobacteria|Bacteriophage_HK620|Sipho|RBP	no	NA	NA	NA	NA	0.0	OUTGROUP_CAPSID_05|Klebsiella_phage_vB_KpnM_KpV477|major_head_protein|YP_009288862.1|OUTGROUP	0.32432	0.0	3.7022799999999996	0.21266279336832344	OUTGROUP_CAPSID_01|Escherichia_phage_T4|major_head_protein|NP_049787.1|OUTGROUP	2.49275	0.28630735094123544	0.16971669072713813	yes	0.1964	9.0	0.4191	0.1011	0.3383	5.245	0.20830562049639711	OUTGROUP_CAPSID_04|Escherichia_phage_IME08|major_head_protein|YP_003734314.1|OUTGROUP	0.17691498227963873	0.17292262404046937	0.11159822229797228
query5|Klebsiella_pneumoniae|Klebsiella_phage_K5	YP_001671760.1|Escherichia|Bacteriophage_PhiEco32|Podo|RBP	no	NA	NA	NA	NA	0.0	OUTGROUP_CAPSID_05|Klebsiella_phage_vB_KpnM_KpV477|major_head_protein|YP_009288862.1|OUTGROUP	0.32432	0.0	2.20128	0.312375049980008	OUTGROUP_CAPSID_01|Escherichia_phage_T4|major_head_protein|NP_049787.1|OUTGROUP	2.49275	0.28630735094123544	0.26942894733882267	no	NA	NA	NA	NA	NA	NA	0.0	OUTGROUP_CAPSID_04|Escherichia_phage_IME08|major_head_protein|YP_003734314.1|OUTGROUP	0.17691498227963873	0.0	0.06735723683470567
query5|Klebsiella_pneumoniae|Klebsiella_phage_K5	AVZ45096|Escherichia|Bacteriophage_EP335|Podo|RBP	no	NA	NA	NA	NA	0.0	OUTGROUP_CAPSID_05|Klebsiella_phage_vB_KpnM_KpV477|major_head_protein|YP_009288862.1|OUTGROUP	0.32432	0.0	2.34633	0.2988348429473483	OUTGROUP_CAPSID_01|Escherichia_phage_T4|major_head_protein|NP_049787.1|OUTGROUP	2.49275	0.28630735094123544	0.255888740306163	no	NA	NA	NA	NA	NA	NA	0.0	OUTGROUP_CAPSID_04|Escherichia_phage_IME08|major_head_protein|YP_003734314.1|OUTGROUP	0.17691498227963873	0.0	0.06397218507654075
query5|Klebsiella_pneumoniae|Klebsiella_phage_K5	P10930|Enterobacteria|Bacteriophage_T4|Myo|RBP	no	NA	NA	NA	NA	0.0	OUTGROUP_CAPSID_05|Klebsiella_phage_vB_KpnM_KpV477|major_head_protein|YP_009288862.1|OUTGROUP	0.32432	0.0	2.93525	0.2541134616606315	OUTGROUP_CAPSID_01|Escherichia_phage_T4|major_head_protein|NP_049787.1|OUTGROUP	2.49275	0.28630735094123544	0.21116735901944617	no	NA	NA	NA	NA	NA	NA	0.0	OUTGROUP_CAPSID_04|Escherichia_phage_IME08|major_head_protein|YP_003734314.1|OUTGROUP	0.17691498227963873	0.0	0.05279183975486154
query5|Klebsiella_pneumoniae|Klebsiella_phage_K5	P22588|Escherichia|Bacteriophage_P1|Myo|RBP	no	NA	NA	NA	NA	0.0	OUTGROUP_CAPSID_05|Klebsiella_phage_vB_KpnM_KpV477|major_head_protein|YP_009288862.1|OUTGROUP	0.32432	0.0	3.0023	0.24985633260874998	OUTGROUP_CAPSID_01|Escherichia_phage_T4|major_head_protein|NP_049787.1|OUTGROUP	2.49275	0.28630735094123544	0.20691022996756467	no	NA	NA	NA	NA	NA	NA	0.0	OUTGROUP_CAPSID_04|Escherichia_phage_IME08|major_head_protein|YP_003734314.1|OUTGROUP	0.17691498227963873	0.0	0.05172755749189117
query5|Klebsiella_pneumoniae|Klebsiella_phage_K5	QQG32074.1|Salmonella|Bacteriophage_vB_CkoM_CkP1|Myo|RBP	no	NA	NA	NA	NA	0.0	OUTGROUP_CAPSID_05|Klebsiella_phage_vB_KpnM_KpV477|major_head_protein|YP_009288862.1|OUTGROUP	0.32432	0.0	3.2576099999999997	0.23487355582122366	OUTGROUP_CAPSID_01|Escherichia_phage_T4|major_head_protein|NP_049787.1|OUTGROUP	2.49275	0.28630735094123544	0.19192745318003834	no	NA	NA	NA	NA	NA	NA	0.0	OUTGROUP_CAPSID_04|Escherichia_phage_IME08|major_head_protein|YP_003734314.1|OUTGROUP	0.17691498227963873	0.0	0.047981863295009586
query5|Klebsiella_pneumoniae|Klebsiella_phage_K5	pdb_00005efv|Staphylococcus|Bacteriophage_11|Sipho|RBP	no	NA	NA	NA	NA	0.0	OUTGROUP_CAPSID_05|Klebsiella_phage_vB_KpnM_KpV477|major_head_protein|YP_009288862.1|OUTGROUP	0.32432	0.0	3.3341000000000003	0.23072840958907267	OUTGROUP_CAPSID_01|Escherichia_phage_T4|major_head_protein|NP_049787.1|OUTGROUP	2.49275	0.28630735094123544	0.18778230694788736	no	NA	NA	NA	NA	NA	NA	0.0	OUTGROUP_CAPSID_04|Escherichia_phage_IME08|major_head_protein|YP_003734314.1|OUTGROUP	0.17691498227963873	0.0	0.04694557673697184
query5|Klebsiella_pneumoniae|Klebsiella_phage_K5	P03744|Enterobacteria|Bacteriophage_T4|Myo|RBP	no	NA	NA	NA	NA	0.0	OUTGROUP_CAPSID_05|Klebsiella_phage_vB_KpnM_KpV477|major_head_protein|YP_009288862.1|OUTGROUP	0.32432	0.0	3.3533599999999995	0.229707628130915	OUTGROUP_CAPSID_01|Escherichia_phage_T4|major_head_protein|NP_049787.1|OUTGROUP	2.49275	0.28630735094123544	0.18676152548972969	no	NA	NA	NA	NA	NA	NA	0.0	OUTGROUP_CAPSID_04|Escherichia_phage_IME08|major_head_protein|YP_003734314.1|OUTGROUP	0.17691498227963873	0.0	0.04669038137243242
query5|Klebsiella_pneumoniae|Klebsiella_phage_K5	pdb_00006iab|Staphylococcus|Bacteriophage_P68|Sipho|RBP	no	NA	NA	NA	NA	0.0	OUTGROUP_CAPSID_05|Klebsiella_phage_vB_KpnM_KpV477|major_head_protein|YP_009288862.1|OUTGROUP	0.32432	0.0	3.4075499999999996	0.22688341595671066	OUTGROUP_CAPSID_01|Escherichia_phage_T4|major_head_protein|NP_049787.1|OUTGROUP	2.49275	0.28630735094123544	0.18393731331552535	no	NA	NA	NA	NA	NA	NA	0.0	OUTGROUP_CAPSID_04|Escherichia_phage_IME08|major_head_protein|YP_003734314.1|OUTGROUP	0.17691498227963873	0.0	0.04598432832888134
query5|Klebsiella_pneumoniae|Klebsiella_phage_K5	QLF82969.1|Klebsiella|Bacteriophage_KpnM6E1|Myo|RBP	no	NA	NA	NA	NA	0.0	OUTGROUP_CAPSID_05|Klebsiella_phage_vB_KpnM_KpV477|major_head_protein|YP_009288862.1|OUTGROUP	0.32432	0.0	3.4843400000000004	0.22299825615363686	OUTGROUP_CAPSID_01|Escherichia_phage_T4|major_head_protein|NP_049787.1|OUTGROUP	2.49275	0.28630735094123544	0.18005215351245155	no	NA	NA	NA	NA	NA	NA	0.0	OUTGROUP_CAPSID_04|Escherichia_phage_IME08|major_head_protein|YP_003734314.1|OUTGROUP	0.17691498227963873	0.0	0.045013038378112886
query5|Klebsiella_pneumoniae|Klebsiella_phage_K5	P07627|Enterobacteria|Bacteriophage_Ox2|Sipho|RBP	no	NA	NA	NA	NA	0.0	OUTGROUP_CAPSID_05|Klebsiella_phage_vB_KpnM_KpV477|major_head_protein|YP_009288862.1|OUTGROUP	0.32432	0.0	3.56944	0.2188451976609825	OUTGROUP_CAPSID_01|Escherichia_phage_T4|major_head_protein|NP_049787.1|OUTGROUP	2.49275	0.28630735094123544	0.1758990950197972	no	NA	NA	NA	NA	NA	NA	0.0	OUTGROUP_CAPSID_04|Escherichia_phage_IME08|major_head_protein|YP_003734314.1|OUTGROUP	0.17691498227963873	0.0	0.0439747737549493
query5|Klebsiella_pneumoniae|Klebsiella_phage_K5	pdb_00007qlr|Clostridium|Bacteriophage_C._difficile|Sipho|RBP	no	NA	NA	NA	NA	0.0	OUTGROUP_CAPSID_05|Klebsiella_phage_vB_KpnM_KpV477|major_head_protein|YP_009288862.1|OUTGROUP	0.32432	0.0	3.5848400000000002	0.2181101194371014	OUTGROUP_CAPSID_01|Escherichia_phage_T4|major_head_protein|NP_049787.1|OUTGROUP	2.49275	0.28630735094123544	0.1751640167959161	no	NA	NA	NA	NA	NA	NA	0.0	OUTGROUP_CAPSID_04|Escherichia_phage_IME08|major_head_protein|YP_003734314.1|OUTGROUP	0.17691498227963873	0.0	0.04379100419897902
query5|Klebsiella_pneumoniae|Klebsiella_phage_K5	Q775D6|Bordetella|Bacteriophage_BPP-1|Podo|RBP	no	NA	NA	NA	NA	0.0	OUTGROUP_CAPSID_05|Klebsiella_phage_vB_KpnM_KpV477|major_head_protein|YP_009288862.1|OUTGROUP	0.32432	0.0	3.6491	0.21509539480759718	OUTGROUP_CAPSID_01|Escherichia_phage_T4|major_head_protein|NP_049787.1|OUTGROUP	2.49275	0.28630735094123544	0.17214929216641187	no	NA	NA	NA	NA	NA	NA	0.0	OUTGROUP_CAPSID_04|Escherichia_phage_IME08|major_head_protein|YP_003734314.1|OUTGROUP	0.17691498227963873	0.0	0.043037323041602966
query5|Klebsiella_pneumoniae|Klebsiella_phage_K5	P0DJY6|Escherichia|Bacteriophage_Mu|Myo|RBP	no	NA	NA	NA	NA	0.0	OUTGROUP_CAPSID_05|Klebsiella_phage_vB_KpnM_KpV477|major_head_protein|YP_009288862.1|OUTGROUP	0.32432	0.0	3.64977	0.21506440103488988	OUTGROUP_CAPSID_01|Escherichia_phage_T4|major_head_protein|NP_049787.1|OUTGROUP	2.49275	0.28630735094123544	0.17211829839370457	no	NA	NA	NA	NA	NA	NA	0.0	OUTGROUP_CAPSID_04|Escherichia_phage_IME08|major_head_protein|YP_003734314.1|OUTGROUP	0.17691498227963873	0.0	0.04302957459842614
query5|Klebsiella_pneumoniae|Klebsiella_phage_K5	P08234|Enterobacteria|Bacteriophage_M1|Podo|RBP	no	NA	NA	NA	NA	0.0	OUTGROUP_CAPSID_05|Klebsiella_phage_vB_KpnM_KpV477|major_head_protein|YP_009288862.1|OUTGROUP	0.32432	0.0	3.7596600000000002	0.2100990406877802	OUTGROUP_CAPSID_01|Escherichia_phage_T4|major_head_protein|NP_049787.1|OUTGROUP	2.49275	0.28630735094123544	0.1671529380465949	no	NA	NA	NA	NA	NA	NA	0.0	OUTGROUP_CAPSID_04|Escherichia_phage_IME08|major_head_protein|YP_003734314.1|OUTGROUP	0.17691498227963873	0.0	0.041788234511648724
query5|Klebsiella_pneumoniae|Klebsiella_phage_K5	pdb_00004rga|Lactococcus|Bacteriophage_1358|Sipho|RBP	no	NA	NA	NA	NA	0.0	OUTGROUP_CAPSID_05|Klebsiella_phage_vB_KpnM_KpV477|major_head_protein|YP_009288862.1|OUTGROUP	0.32432	0.0	3.81534	0.20766965572524473	OUTGROUP_CAPSID_01|Escherichia_phage_T4|major_head_protein|NP_049787.1|OUTGROUP	2.49275	0.28630735094123544	0.16472355308405942	no	NA	NA	NA	NA	NA	NA	0.0	OUTGROUP_CAPSID_04|Escherichia_phage_IME08|major_head_protein|YP_003734314.1|OUTGROUP	0.17691498227963873	0.0	0.041180888271014855
query5|Klebsiella_pneumoniae|Klebsiella_phage_K5	pdb_00005yvq|Enterobacteria|Bacteriophage_Mu|Myo|RBP	no	NA	NA	NA	NA	0.0	OUTGROUP_CAPSID_05|Klebsiella_phage_vB_KpnM_KpV477|major_head_protein|YP_009288862.1|OUTGROUP	0.32432	0.0	4.06827	0.19730598409319156	OUTGROUP_CAPSID_01|Escherichia_phage_T4|major_head_protein|NP_049787.1|OUTGROUP	2.49275	0.28630735094123544	0.15435988145200624	no	NA	NA	NA	NA	NA	NA	0.0	OUTGROUP_CAPSID_04|Escherichia_phage_IME08|major_head_protein|YP_003734314.1|OUTGROUP	0.17691498227963873	0.0	0.03858997036300156
query5|Klebsiella_pneumoniae|Klebsiella_phage_K5	Q9G0B4|Escherichia|Bacteriophage_AR1|Podo|RBP	no	NA	NA	NA	NA	0.0	OUTGROUP_CAPSID_05|Klebsiella_phage_vB_KpnM_KpV477|major_head_protein|YP_009288862.1|OUTGROUP	0.32432	0.0	4.07587	0.19701056173621467	OUTGROUP_CAPSID_01|Escherichia_phage_T4|major_head_protein|NP_049787.1|OUTGROUP	2.49275	0.28630735094123544	0.15406445909502936	no	NA	NA	NA	NA	NA	NA	0.0	OUTGROUP_CAPSID_04|Escherichia_phage_IME08|major_head_protein|YP_003734314.1|OUTGROUP	0.17691498227963873	0.0	0.03851611477375734
query5|Klebsiella_pneumoniae|Klebsiella_phage_K5	P07876|Enterobacteria|Bacteriophage_K3|Podo|RBP	no	NA	NA	NA	NA	0.0	OUTGROUP_CAPSID_05|Klebsiella_phage_vB_KpnM_KpV477|major_head_protein|YP_009288862.1|OUTGROUP	0.32432	0.0	4.29391	0.18889629782145897	OUTGROUP_CAPSID_01|Escherichia_phage_T4|major_head_protein|NP_049787.1|OUTGROUP	2.49275	0.28630735094123544	0.14595019518027366	no	NA	NA	NA	NA	NA	NA	0.0	OUTGROUP_CAPSID_04|Escherichia_phage_IME08|major_head_protein|YP_003734314.1|OUTGROUP	0.17691498227963873	0.0	0.036487548795068415
query5|Klebsiella_pneumoniae|Klebsiella_phage_K5	P07875|Enterobacteria|Bacteriophage_T2|Myo|RBP	no	NA	NA	NA	NA	0.0	OUTGROUP_CAPSID_05|Klebsiella_phage_vB_KpnM_KpV477|major_head_protein|YP_009288862.1|OUTGROUP	0.32432	0.0	4.34943	0.18693580437541943	OUTGROUP_CAPSID_01|Escherichia_phage_T4|major_head_protein|NP_049787.1|OUTGROUP	2.49275	0.28630735094123544	0.14398970173423412	no	NA	NA	NA	NA	NA	NA	0.0	OUTGROUP_CAPSID_04|Escherichia_phage_IME08|major_head_protein|YP_003734314.1|OUTGROUP	0.17691498227963873	0.0	0.03599742543355853
query6|Escherichia|Escherichia_phage_phiC120	P49714|Escherichia|Bacteriophage_K1E|Podo|RBP	no	NA	NA	NA	NA	0.0	OUTGROUP_CAPSID_02|Escherichia_phage_phiC120|major_head_protein|YP_010090013.1|OUTGROUP	1.0	0.0	1.5327199999999999	0.39483243311538585	OUTGROUP_CAPSID_02|Escherichia_phage_phiC120|major_head_protein|YP_010090013.1|OUTGROUP	0.0	1.0	0.24483243311538586	yes	0.2453	28.0	0.3132	0.3032	0.2185	8.089	0.2675646209704038	OUTGROUP_CAPSID_02|Escherichia_phage_phiC120|major_head_protein|YP_010090013.1|OUTGROUP	1.0	0.06756462097040378	0.08823395666700798
query6|Escherichia|Escherichia_phage_phiC120	YP_654148.1|Escherichia|Bacteriophage_K1-5|Podo|RBP	no	NA	NA	NA	NA	0.0	OUTGROUP_CAPSID_02|Escherichia_phage_phiC120|major_head_protein|YP_010090013.1|OUTGROUP	1.0	0.0	1.5286499999999998	0.39546793743697234	OUTGROUP_CAPSID_02|Escherichia_phage_phiC120|major_head_protein|YP_010090013.1|OUTGROUP	0.0	1.0	0.24546793743697234	no	NA	NA	NA	NA	NA	NA	0.0	OUTGROUP_CAPSID_02|Escherichia_phage_phiC120|major_head_protein|YP_010090013.1|OUTGROUP	1.0	0.0	0.061366984359243086
query6|Escherichia|Escherichia_phage_phiC120	P08234|Enterobacteria|Bacteriophage_M1|Podo|RBP	no	NA	NA	NA	NA	0.0	OUTGROUP_CAPSID_02|Escherichia_phage_phiC120|major_head_protein|YP_010090013.1|OUTGROUP	1.0	0.0	1.55342	0.39163161563706717	OUTGROUP_CAPSID_02|Escherichia_phage_phiC120|major_head_protein|YP_010090013.1|OUTGROUP	0.0	1.0	0.24163161563706717	yes	0.2135	16.0	0.2929	0.1689	0.288	6.08	0.20056858757062146	OUTGROUP_CAPSID_02|Escherichia_phage_phiC120|major_head_protein|YP_010090013.1|OUTGROUP	1.0	0.0005685875706214483	0.060635338937515375
query6|Escherichia|Escherichia_phage_phiC120	pdb_00008xci|Escherichia|Bacteriophage_lambda|Sipho|RBP	no	NA	NA	NA	NA	0.0	OUTGROUP_CAPSID_02|Escherichia_phage_phiC120|major_head_protein|YP_010090013.1|OUTGROUP	1.0	0.0	1.6097199999999998	0.3831828701929709	OUTGROUP_CAPSID_02|Escherichia_phage_phiC120|major_head_protein|YP_010090013.1|OUTGROUP	0.0	1.0	0.23318287019297093	yes	0.1561	20.0	0.2451	0.2137	0.1127	7.051	0.20522163457955533	OUTGROUP_CAPSID_02|Escherichia_phage_phiC120|major_head_protein|YP_010090013.1|OUTGROUP	1.0	0.005221634579555323	0.06038437138006486
query6|Escherichia|Escherichia_phage_phiC120	Q04830|Escherichia|Bacteriophage_K1F|Podo|RBP	no	NA	NA	NA	NA	0.0	OUTGROUP_CAPSID_02|Escherichia_phage_phiC120|major_head_protein|YP_010090013.1|OUTGROUP	1.0	0.0	1.5815299999999999	0.38736718147765087	OUTGROUP_CAPSID_02|Escherichia_phage_phiC120|major_head_protein|YP_010090013.1|OUTGROUP	0.0	1.0	0.23736718147765087	no	NA	NA	NA	NA	NA	NA	0.0	OUTGROUP_CAPSID_02|Escherichia_phage_phiC120|major_head_protein|YP_010090013.1|OUTGROUP	1.0	0.0	0.05934179536941272
query6|Escherichia|Escherichia_phage_phiC120	P12528|Salmonella|Bacteriophage_P22|Podo|RBP	no	NA	NA	NA	NA	0.0	OUTGROUP_CAPSID_02|Escherichia_phage_phiC120|major_head_protein|YP_010090013.1|OUTGROUP	1.0	0.0	1.69917	0.3704842599762149	OUTGROUP_CAPSID_02|Escherichia_phage_phiC120|major_head_protein|YP_010090013.1|OUTGROUP	0.0	1.0	0.22048425997621493	yes	0.1771	19.0	0.259	0.2055	0.1706	8.264	0.20203894645941278	OUTGROUP_CAPSID_02|Escherichia_phage_phiC120|major_head_protein|YP_010090013.1|OUTGROUP	1.0	0.0020389464594127715	0.05593664357781884
query6|Escherichia|Escherichia_phage_phiC120	APZ82848.1|Klebsiella|Bacteriophage_K5-4|Myo|RBP	no	NA	NA	NA	NA	0.0	OUTGROUP_CAPSID_02|Escherichia_phage_phiC120|major_head_protein|YP_010090013.1|OUTGROUP	1.0	0.0	1.70677	0.36944402368875084	OUTGROUP_CAPSID_02|Escherichia_phage_phiC120|major_head_protein|YP_010090013.1|OUTGROUP	0.0	1.0	0.21944402368875085	no	NA	NA	NA	NA	NA	NA	0.0	OUTGROUP_CAPSID_02|Escherichia_phage_phiC120|major_head_protein|YP_010090013.1|OUTGROUP	1.0	0.0	0.05486100592218771
query6|Escherichia|Escherichia_phage_phiC120	Q858F5|Salmonella|Bacteriophage_epsilon15|Podo|RBP	no	NA	NA	NA	NA	0.0	OUTGROUP_CAPSID_02|Escherichia_phage_phiC120|major_head_protein|YP_010090013.1|OUTGROUP	1.0	0.0	2.3016099999999997	0.3028825330672006	OUTGROUP_CAPSID_02|Escherichia_phage_phiC120|major_head_protein|YP_010090013.1|OUTGROUP	0.0	1.0	0.1528825330672006	yes	0.1942	24.0	0.2688	0.2613	0.1489	8.093	0.23328494116353238	OUTGROUP_CAPSID_02|Escherichia_phage_phiC120|major_head_protein|YP_010090013.1|OUTGROUP	1.0	0.03328494116353237	0.0515346097322131
query6|Escherichia|Escherichia_phage_phiC120	Q9G0B4|Escherichia|Bacteriophage_AR1|Podo|RBP	no	NA	NA	NA	NA	0.0	OUTGROUP_CAPSID_02|Escherichia_phage_phiC120|major_head_protein|YP_010090013.1|OUTGROUP	1.0	0.0	1.86963	0.34847698135299676	OUTGROUP_CAPSID_02|Escherichia_phage_phiC120|major_head_protein|YP_010090013.1|OUTGROUP	0.0	1.0	0.19847698135299677	yes	0.1969	14.0	0.2681	0.1544	0.2673	6.218	0.18533850651149902	OUTGROUP_CAPSID_02|Escherichia_phage_phiC120|major_head_protein|YP_010090013.1|OUTGROUP	1.0	0.0	0.04961924533824919
query6|Escherichia|Escherichia_phage_phiC120	YP_654147.1|Escherichia|Bacteriophage_K1-5|Podo|RBP	no	NA	NA	NA	NA	0.0	OUTGROUP_CAPSID_02|Escherichia_phage_phiC120|major_head_protein|YP_010090013.1|OUTGROUP	1.0	0.0	1.97535	0.3360949132034887	OUTGROUP_CAPSID_02|Escherichia_phage_phiC120|major_head_protein|YP_010090013.1|OUTGROUP	0.0	1.0	0.18609491320348873	yes	0.1712	18.0	0.2894	0.1934	0.1663	7.312	0.2075815976900866	OUTGROUP_CAPSID_02|Escherichia_phage_phiC120|major_head_protein|YP_010090013.1|OUTGROUP	1.0	0.0075815976900865945	0.04955636737690682
query6|Escherichia|Escherichia_phage_phiC120	P0DJY6|Escherichia|Bacteriophage_Mu|Myo|RBP	no	NA	NA	NA	NA	0.0	OUTGROUP_CAPSID_02|Escherichia_phage_phiC120|major_head_protein|YP_010090013.1|OUTGROUP	1.0	0.0	1.8755099999999998	0.3477643965766073	OUTGROUP_CAPSID_02|Escherichia_phage_phiC120|major_head_protein|YP_010090013.1|OUTGROUP	0.0	1.0	0.1977643965766073	yes	0.1538	12.0	0.2917	0.1351	0.1935	7.136	0.17964210422812193	OUTGROUP_CAPSID_02|Escherichia_phage_phiC120|major_head_protein|YP_010090013.1|OUTGROUP	1.0	0.0	0.049441099144151825
query6|Escherichia|Escherichia_phage_phiC120	YP_004782195.1|Escherichia|Bacteriophage_vB_EcoP_G7C|Podo|RBP	no	NA	NA	NA	NA	0.0	OUTGROUP_CAPSID_02|Escherichia_phage_phiC120|major_head_protein|YP_010090013.1|OUTGROUP	1.0	0.0	2.3217499999999998	0.30104613532023783	OUTGROUP_CAPSID_02|Escherichia_phage_phiC120|major_head_protein|YP_010090013.1|OUTGROUP	0.0	1.0	0.15104613532023783	yes	0.1782	20.0	0.2955	0.2233	0.1536	7.915	0.22273409983174425	OUTGROUP_CAPSID_02|Escherichia_phage_phiC120|major_head_protein|YP_010090013.1|OUTGROUP	1.0	0.022734099831744237	0.046855173762757156
query6|Escherichia|Escherichia_phage_phiC120	O09496|Escherichia|Bacteriophage_K5|Podo|RBP	no	NA	NA	NA	NA	0.0	OUTGROUP_CAPSID_02|Escherichia_phage_phiC120|major_head_protein|YP_010090013.1|OUTGROUP	1.0	0.0	1.98505	0.3350027637728011	OUTGROUP_CAPSID_02|Escherichia_phage_phiC120|major_head_protein|YP_010090013.1|OUTGROUP	0.0	1.0	0.1850027637728011	no	NA	NA	NA	NA	NA	NA	0.0	OUTGROUP_CAPSID_02|Escherichia_phage_phiC120|major_head_protein|YP_010090013.1|OUTGROUP	1.0	0.0	0.04625069094320027
query6|Escherichia|Escherichia_phage_phiC120	pdb_00007qlr|Clostridium|Bacteriophage_C._difficile|Sipho|RBP	no	NA	NA	NA	NA	0.0	OUTGROUP_CAPSID_02|Escherichia_phage_phiC120|major_head_protein|YP_010090013.1|OUTGROUP	1.0	0.0	2.02412	0.3306747086755817	OUTGROUP_CAPSID_02|Escherichia_phage_phiC120|major_head_protein|YP_010090013.1|OUTGROUP	0.0	1.0	0.1806747086755817	no	NA	NA	NA	NA	NA	NA	0.0	OUTGROUP_CAPSID_02|Escherichia_phage_phiC120|major_head_protein|YP_010090013.1|OUTGROUP	1.0	0.0	0.04516867716889542
query6|Escherichia|Escherichia_phage_phiC120	AUV56907.1|Staphylococcus|Bacteriophage_vB_SauM_LM12|Myo|RBP	no	NA	NA	NA	NA	0.0	OUTGROUP_CAPSID_02|Escherichia_phage_phiC120|major_head_protein|YP_010090013.1|OUTGROUP	1.0	0.0	2.0458	0.3283209665769256	OUTGROUP_CAPSID_02|Escherichia_phage_phiC120|major_head_protein|YP_010090013.1|OUTGROUP	0.0	1.0	0.17832096657692562	no	NA	NA	NA	NA	NA	NA	0.0	OUTGROUP_CAPSID_02|Escherichia_phage_phiC120|major_head_protein|YP_010090013.1|OUTGROUP	1.0	0.0	0.044580241644231404
query6|Escherichia|Escherichia_phage_phiC120	CBY99572.1|Escherichia|Bacteriophage_phi92|Myo|RBP	no	NA	NA	NA	NA	0.0	OUTGROUP_CAPSID_02|Escherichia_phage_phiC120|major_head_protein|YP_010090013.1|OUTGROUP	1.0	0.0	2.06718	0.3260323815361342	OUTGROUP_CAPSID_02|Escherichia_phage_phiC120|major_head_protein|YP_010090013.1|OUTGROUP	0.0	1.0	0.17603238153613418	no	NA	NA	NA	NA	NA	NA	0.0	OUTGROUP_CAPSID_02|Escherichia_phage_phiC120|major_head_protein|YP_010090013.1|OUTGROUP	1.0	0.0	0.044008095384033545
query6|Escherichia|Escherichia_phage_phiC120	P07876|Enterobacteria|Bacteriophage_K3|Podo|RBP	no	NA	NA	NA	NA	0.0	OUTGROUP_CAPSID_02|Escherichia_phage_phiC120|major_head_protein|YP_010090013.1|OUTGROUP	1.0	0.0	2.08767	0.32386880722356987	OUTGROUP_CAPSID_02|Escherichia_phage_phiC120|major_head_protein|YP_010090013.1|OUTGROUP	0.0	1.0	0.17386880722356987	no	NA	NA	NA	NA	NA	NA	0.0	OUTGROUP_CAPSID_02|Escherichia_phage_phiC120|major_head_protein|YP_010090013.1|OUTGROUP	1.0	0.0	0.04346720180589247
query6|Escherichia|Escherichia_phage_phiC120	P0DTN8|Klebsiella|Bacteriophage_RAD2|Podo|RBP	no	NA	NA	NA	NA	0.0	OUTGROUP_CAPSID_02|Escherichia_phage_phiC120|major_head_protein|YP_010090013.1|OUTGROUP	1.0	0.0	2.1072799999999994	0.32182487577559804	OUTGROUP_CAPSID_02|Escherichia_phage_phiC120|major_head_protein|YP_010090013.1|OUTGROUP	0.0	1.0	0.17182487577559805	no	NA	NA	NA	NA	NA	NA	0.0	OUTGROUP_CAPSID_02|Escherichia_phage_phiC120|major_head_protein|YP_010090013.1|OUTGROUP	1.0	0.0	0.04295621894389951
query6|Escherichia|Escherichia_phage_phiC120	P0DTN7|Klebsiella|Bacteriophage_B1|Podo|RBP	no	NA	NA	NA	NA	0.0	OUTGROUP_CAPSID_02|Escherichia_phage_phiC120|major_head_protein|YP_010090013.1|OUTGROUP	1.0	0.0	2.11202	0.3213346957924435	OUTGROUP_CAPSID_02|Escherichia_phage_phiC120|major_head_protein|YP_010090013.1|OUTGROUP	0.0	1.0	0.1713346957924435	no	NA	NA	NA	NA	NA	NA	0.0	OUTGROUP_CAPSID_02|Escherichia_phage_phiC120|major_head_protein|YP_010090013.1|OUTGROUP	1.0	0.0	0.04283367394811088
query6|Escherichia|Escherichia_phage_phiC120	YP_009168860.1|Escherichia|Bacteriophage_K1H|Podo|RBP	no	NA	NA	NA	NA	0.0	OUTGROUP_CAPSID_02|Escherichia_phage_phiC120|major_head_protein|YP_010090013.1|OUTGROUP	1.0	0.0	2.12761	0.319732959032616	OUTGROUP_CAPSID_02|Escherichia_phage_phiC120|major_head_protein|YP_010090013.1|OUTGROUP	0.0	1.0	0.169732959032616	no	NA	NA	NA	NA	NA	NA	0.0	OUTGROUP_CAPSID_02|Escherichia_phage_phiC120|major_head_protein|YP_010090013.1|OUTGROUP	1.0	0.0	0.042433239758154
query6|Escherichia|Escherichia_phage_phiC120	P07875|Enterobacteria|Bacteriophage_T2|Myo|RBP	no	NA	NA	NA	NA	0.0	OUTGROUP_CAPSID_02|Escherichia_phage_phiC120|major_head_protein|YP_010090013.1|OUTGROUP	1.0	0.0	2.14319	0.31814812340329407	OUTGROUP_CAPSID_02|Escherichia_phage_phiC120|major_head_protein|YP_010090013.1|OUTGROUP	0.0	1.0	0.16814812340329408	yes	0.1918	14.0	0.264	0.1542	0.2598	6.626	0.18252606871230004	OUTGROUP_CAPSID_02|Escherichia_phage_phiC120|major_head_protein|YP_010090013.1|OUTGROUP	1.0	0.0	0.04203703085082352
query6|Escherichia|Escherichia_phage_phiC120	pdb_00002f0c|Lactococcus|Bacteriophage_P335|Sipho|RBP	no	NA	NA	NA	NA	0.0	OUTGROUP_CAPSID_02|Escherichia_phage_phiC120|major_head_protein|YP_010090013.1|OUTGROUP	1.0	0.0	2.15387	0.3170707733673233	OUTGROUP_CAPSID_02|Escherichia_phage_phiC120|major_head_protein|YP_010090013.1|OUTGROUP	0.0	1.0	0.16707077336732332	no	NA	NA	NA	NA	NA	NA	0.0	OUTGROUP_CAPSID_02|Escherichia_phage_phiC120|major_head_protein|YP_010090013.1|OUTGROUP	1.0	0.0	0.04176769334183083
query6|Escherichia|Escherichia_phage_phiC120	YP_009788589.1|Klebsiella|Bacteriophage_K5-2|Myo|RBP	no	NA	NA	NA	NA	0.0	OUTGROUP_CAPSID_02|Escherichia_phage_phiC120|major_head_protein|YP_010090013.1|OUTGROUP	1.0	0.0	2.2237799999999996	0.3101948644138248	OUTGROUP_CAPSID_02|Escherichia_phage_phiC120|major_head_protein|YP_010090013.1|OUTGROUP	0.0	1.0	0.16019486441382483	no	NA	NA	NA	NA	NA	NA	0.0	OUTGROUP_CAPSID_02|Escherichia_phage_phiC120|major_head_protein|YP_010090013.1|OUTGROUP	1.0	0.0	0.04004871610345621
query6|Escherichia|Escherichia_phage_phiC120	P13332|Enterobacteria|Bacteriophage_T4|Myo|RBP	no	NA	NA	NA	NA	0.0	OUTGROUP_CAPSID_02|Escherichia_phage_phiC120|major_head_protein|YP_010090013.1|OUTGROUP	1.0	0.0	2.23945	0.30869437713192055	OUTGROUP_CAPSID_02|Escherichia_phage_phiC120|major_head_protein|YP_010090013.1|OUTGROUP	0.0	1.0	0.15869437713192056	no	NA	NA	NA	NA	NA	NA	0.0	OUTGROUP_CAPSID_02|Escherichia_phage_phiC120|major_head_protein|YP_010090013.1|OUTGROUP	1.0	0.0	0.03967359428298014
query6|Escherichia|Escherichia_phage_phiC120	M1EBB2.1|Salmonella|Salmonella_phage_vB_SenM-S16|Myo|RBP	no	NA	NA	NA	NA	0.0	OUTGROUP_CAPSID_02|Escherichia_phage_phiC120|major_head_protein|YP_010090013.1|OUTGROUP	1.0	0.0	2.24403	0.3082585549455461	OUTGROUP_CAPSID_02|Escherichia_phage_phiC120|major_head_protein|YP_010090013.1|OUTGROUP	0.0	1.0	0.1582585549455461	no	NA	NA	NA	NA	NA	NA	0.0	OUTGROUP_CAPSID_02|Escherichia_phage_phiC120|major_head_protein|YP_010090013.1|OUTGROUP	1.0	0.0	0.03956463873638653
query6|Escherichia|Escherichia_phage_phiC120	pdb_00005yvq|Enterobacteria|Bacteriophage_Mu|Myo|RBP	no	NA	NA	NA	NA	0.0	OUTGROUP_CAPSID_02|Escherichia_phage_phiC120|major_head_protein|YP_010090013.1|OUTGROUP	1.0	0.0	2.2940099999999997	0.30358134917623203	OUTGROUP_CAPSID_02|Escherichia_phage_phiC120|major_head_protein|YP_010090013.1|OUTGROUP	0.0	1.0	0.15358134917623203	no	NA	NA	NA	NA	NA	NA	0.0	OUTGROUP_CAPSID_02|Escherichia_phage_phiC120|major_head_protein|YP_010090013.1|OUTGROUP	1.0	0.0	0.03839533729405801
query6|Escherichia|Escherichia_phage_phiC120	pdb_00001zru|Lactococcal|Bacteriophage_P2|Myo|RBP	no	NA	NA	NA	NA	0.0	OUTGROUP_CAPSID_02|Escherichia_phage_phiC120|major_head_protein|YP_010090013.1|OUTGROUP	1.0	0.0	2.3090800000000002	0.3021987984575773	OUTGROUP_CAPSID_02|Escherichia_phage_phiC120|major_head_protein|YP_010090013.1|OUTGROUP	0.0	1.0	0.1521987984575773	no	NA	NA	NA	NA	NA	NA	0.0	OUTGROUP_CAPSID_02|Escherichia_phage_phiC120|major_head_protein|YP_010090013.1|OUTGROUP	1.0	0.0	0.038049699614394326
query6|Escherichia|Escherichia_phage_phiC120	P07537|Bacillus|Bacteriophage_PZA|Podo|RBP	no	NA	NA	NA	NA	0.0	OUTGROUP_CAPSID_02|Escherichia_phage_phiC120|major_head_protein|YP_010090013.1|OUTGROUP	1.0	0.0	2.32916	0.30037607084069257	OUTGROUP_CAPSID_02|Escherichia_phage_phiC120|major_head_protein|YP_010090013.1|OUTGROUP	0.0	1.0	0.15037607084069257	yes	0.1463	17.0	0.261	0.1839	0.1258	7.966	0.192556491188936	OUTGROUP_CAPSID_02|Escherichia_phage_phiC120|major_head_protein|YP_010090013.1|OUTGROUP	1.0	0.0	0.03759401771017314
query6|Escherichia|Escherichia_phage_phiC120	P20345|Bacillus|Bacteriophage_phi-29|Podo|RBP	no	NA	NA	NA	NA	0.0	OUTGROUP_CAPSID_02|Escherichia_phage_phiC120|major_head_protein|YP_010090013.1|OUTGROUP	1.0	0.0	2.33207	0.3001137431086382	OUTGROUP_CAPSID_02|Escherichia_phage_phiC120|major_head_protein|YP_010090013.1|OUTGROUP	0.0	1.0	0.1501137431086382	no	NA	NA	NA	NA	NA	NA	0.0	OUTGROUP_CAPSID_02|Escherichia_phage_phiC120|major_head_protein|YP_010090013.1|OUTGROUP	1.0	0.0	0.03752843577715955
query6|Escherichia|Escherichia_phage_phiC120	Q9XJP3|Shigella|Bacteriophage_Sf6|Podo|RBP	no	NA	NA	NA	NA	0.0	OUTGROUP_CAPSID_02|Escherichia_phage_phiC120|major_head_protein|YP_010090013.1|OUTGROUP	1.0	0.0	2.41477	0.29284549179007663	OUTGROUP_CAPSID_02|Escherichia_phage_phiC120|major_head_protein|YP_010090013.1|OUTGROUP	0.0	1.0	0.14284549179007663	yes	0.1665	17.0	0.2927	0.1873	0.1636	7.689	0.20447760847047994	OUTGROUP_CAPSID_02|Escherichia_phage_phiC120|major_head_protein|YP_010090013.1|OUTGROUP	1.0	0.004477608470479927	0.03750241633571113
query6|Escherichia|Escherichia_phage_phiC120	YP_003347556.1|Klebsiella|Bacteriophage_KP32|Podo|RBP	no	NA	NA	NA	NA	0.0	OUTGROUP_CAPSID_02|Escherichia_phage_phiC120|major_head_protein|YP_010090013.1|OUTGROUP	1.0	0.0	2.50139	0.2856008613721979	OUTGROUP_CAPSID_02|Escherichia_phage_phiC120|major_head_protein|YP_010090013.1|OUTGROUP	0.0	1.0	0.13560086137219793	yes	0.185	19.0	0.2776	0.2039	0.1899	8.084	0.20724673271686483	OUTGROUP_CAPSID_02|Escherichia_phage_phiC120|major_head_protein|YP_010090013.1|OUTGROUP	1.0	0.007246732716864823	0.03679890842979541
query6|Escherichia|Escherichia_phage_phiC120	pdb_00002fsd|Lactococcus|Bacteriophage_bIL170|Sipho|RBP	no	NA	NA	NA	NA	0.0	OUTGROUP_CAPSID_02|Escherichia_phage_phiC120|major_head_protein|YP_010090013.1|OUTGROUP	1.0	0.0	2.51058	0.28485321513823925	OUTGROUP_CAPSID_02|Escherichia_phage_phiC120|major_head_protein|YP_010090013.1|OUTGROUP	0.0	1.0	0.13485321513823925	no	NA	NA	NA	NA	NA	NA	0.0	OUTGROUP_CAPSID_02|Escherichia_phage_phiC120|major_head_protein|YP_010090013.1|OUTGROUP	1.0	0.0	0.03371330378455981
query6|Escherichia|Escherichia_phage_phiC120	YP_001671760.1|Escherichia|Bacteriophage_PhiEco32|Podo|RBP	no	NA	NA	NA	NA	0.0	OUTGROUP_CAPSID_02|Escherichia_phage_phiC120|major_head_protein|YP_010090013.1|OUTGROUP	1.0	0.0	2.6486599999999996	0.27407322140182977	OUTGROUP_CAPSID_02|Escherichia_phage_phiC120|major_head_protein|YP_010090013.1|OUTGROUP	0.0	1.0	0.12407322140182978	yes	0.1795	20.0	0.2465	0.2128	0.1655	7.981	0.20261923505177598	OUTGROUP_CAPSID_02|Escherichia_phage_phiC120|major_head_protein|YP_010090013.1|OUTGROUP	1.0	0.00261923505177597	0.03206599937116783
query6|Escherichia|Escherichia_phage_phiC120	YP_006382457.1|Escherichia|Bacteriophage_vB_EcoS_AKFV33|Sipho|RBP	no	NA	NA	NA	NA	0.0	OUTGROUP_CAPSID_02|Escherichia_phage_phiC120|major_head_protein|YP_010090013.1|OUTGROUP	1.0	0.0	3.4880599999999995	0.22281342049794348	OUTGROUP_CAPSID_02|Escherichia_phage_phiC120|major_head_protein|YP_010090013.1|OUTGROUP	0.0	1.0	0.07281342049794348	yes	0.2247	23.0	0.2716	0.2475	0.2268	7.529	0.22867940790245045	OUTGROUP_CAPSID_02|Escherichia_phage_phiC120|major_head_protein|YP_010090013.1|OUTGROUP	1.0	0.028679407902450438	0.029675118285466047
query6|Escherichia|Escherichia_phage_phiC120	AVZ45096|Escherichia|Bacteriophage_EP335|Podo|RBP	no	NA	NA	NA	NA	0.0	OUTGROUP_CAPSID_02|Escherichia_phage_phiC120|major_head_protein|YP_010090013.1|OUTGROUP	1.0	0.0	2.7937099999999995	0.26359421252546983	OUTGROUP_CAPSID_02|Escherichia_phage_phiC120|major_head_protein|YP_010090013.1|OUTGROUP	0.0	1.0	0.11359421252546983	no	NA	NA	NA	NA	NA	NA	0.0	OUTGROUP_CAPSID_02|Escherichia_phage_phiC120|major_head_protein|YP_010090013.1|OUTGROUP	1.0	0.0	0.02839855313136746
query6|Escherichia|Escherichia_phage_phiC120	pdb_00006iab|Staphylococcus|Bacteriophage_P68|Sipho|RBP	no	NA	NA	NA	NA	0.0	OUTGROUP_CAPSID_02|Escherichia_phage_phiC120|major_head_protein|YP_010090013.1|OUTGROUP	1.0	0.0	3.2665300000000004	0.23438250756469542	OUTGROUP_CAPSID_02|Escherichia_phage_phiC120|major_head_protein|YP_010090013.1|OUTGROUP	0.0	1.0	0.08438250756469542	yes	0.1978	21.0	0.2663	0.2283	0.1952	8.55	0.21498240837696334	OUTGROUP_CAPSID_02|Escherichia_phage_phiC120|major_head_protein|YP_010090013.1|OUTGROUP	1.0	0.014982408376963324	0.027088590241959185
query6|Escherichia|Escherichia_phage_phiC120	K9L8K6|Klebsiella|Bacteriophage_KP36|Podo|RBP	no	NA	NA	NA	NA	0.0	OUTGROUP_CAPSID_02|Escherichia_phage_phiC120|major_head_protein|YP_010090013.1|OUTGROUP	1.0	0.0	2.8781599999999994	0.25785424015512515	OUTGROUP_CAPSID_02|Escherichia_phage_phiC120|major_head_protein|YP_010090013.1|OUTGROUP	0.0	1.0	0.10785424015512515	no	NA	NA	NA	NA	NA	NA	0.0	OUTGROUP_CAPSID_02|Escherichia_phage_phiC120|major_head_protein|YP_010090013.1|OUTGROUP	1.0	0.0	0.026963560038781288
query6|Escherichia|Escherichia_phage_phiC120	YP_512279.1|Escherichia|Bacteriophage_phiV10|Sipho|RBP	no	NA	NA	NA	NA	0.0	OUTGROUP_CAPSID_02|Escherichia_phage_phiC120|major_head_protein|YP_010090013.1|OUTGROUP	1.0	0.0	3.2032399999999996	0.23791170620759228	OUTGROUP_CAPSID_02|Escherichia_phage_phiC120|major_head_protein|YP_010090013.1|OUTGROUP	0.0	1.0	0.08791170620759228	yes	0.1837	21.0	0.241	0.2321	0.1548	7.949	0.2106988657950609	OUTGROUP_CAPSID_02|Escherichia_phage_phiC120|major_head_protein|YP_010090013.1|OUTGROUP	1.0	0.01069886579506088	0.026257472869922423
query6|Escherichia|Escherichia_phage_phiC120	AEL79676.1|Escherichia|Bacteriophage_vB_EcoP_G7C|Podo|RBP	no	NA	NA	NA	NA	0.0	OUTGROUP_CAPSID_02|Escherichia_phage_phiC120|major_head_protein|YP_010090013.1|OUTGROUP	1.0	0.0	2.9471499999999997	0.2533473518868044	OUTGROUP_CAPSID_02|Escherichia_phage_phiC120|major_head_protein|YP_010090013.1|OUTGROUP	0.0	1.0	0.10334735188680441	no	NA	NA	NA	NA	NA	NA	0.0	OUTGROUP_CAPSID_02|Escherichia_phage_phiC120|major_head_protein|YP_010090013.1|OUTGROUP	1.0	0.0	0.025836837971701103
query6|Escherichia|Escherichia_phage_phiC120	AEM91899.1|Escherichia|Bacteriophage_Cba120|Sipho|RBP	no	NA	NA	NA	NA	0.0	OUTGROUP_CAPSID_02|Escherichia_phage_phiC120|major_head_protein|YP_010090013.1|OUTGROUP	1.0	0.0	2.9894699999999994	0.2506598620869439	OUTGROUP_CAPSID_02|Escherichia_phage_phiC120|major_head_protein|YP_010090013.1|OUTGROUP	0.0	1.0	0.10065986208694391	no	NA	NA	NA	NA	NA	NA	0.0	OUTGROUP_CAPSID_02|Escherichia_phage_phiC120|major_head_protein|YP_010090013.1|OUTGROUP	1.0	0.0	0.02516496552173598
query6|Escherichia|Escherichia_phage_phiC120	AEM91898.1|Escherichia|Bacteriophage_Cba120|Sipho|RBP	no	NA	NA	NA	NA	0.0	OUTGROUP_CAPSID_02|Escherichia_phage_phiC120|major_head_protein|YP_010090013.1|OUTGROUP	1.0	0.0	3.1191999999999998	0.24276558555059238	OUTGROUP_CAPSID_02|Escherichia_phage_phiC120|major_head_protein|YP_010090013.1|OUTGROUP	0.0	1.0	0.09276558555059239	no	NA	NA	NA	NA	NA	NA	0.0	OUTGROUP_CAPSID_02|Escherichia_phage_phiC120|major_head_protein|YP_010090013.1|OUTGROUP	1.0	0.0	0.023191396387648097
query6|Escherichia|Escherichia_phage_phiC120	pdb_00005efv|Staphylococcus|Bacteriophage_11|Sipho|RBP	no	NA	NA	NA	NA	0.0	OUTGROUP_CAPSID_02|Escherichia_phage_phiC120|major_head_protein|YP_010090013.1|OUTGROUP	1.0	0.0	3.19308	0.238488175756246	OUTGROUP_CAPSID_02|Escherichia_phage_phiC120|major_head_protein|YP_010090013.1|OUTGROUP	0.0	1.0	0.08848817575624601	no	NA	NA	NA	NA	NA	NA	0.0	OUTGROUP_CAPSID_02|Escherichia_phage_phiC120|major_head_protein|YP_010090013.1|OUTGROUP	1.0	0.0	0.022122043939061503
query6|Escherichia|Escherichia_phage_phiC120	QQG32074.1|Salmonella|Bacteriophage_vB_CkoM_CkP1|Myo|RBP	no	NA	NA	NA	NA	0.0	OUTGROUP_CAPSID_02|Escherichia_phage_phiC120|major_head_protein|YP_010090013.1|OUTGROUP	1.0	0.0	3.89939	0.20410704189705248	OUTGROUP_CAPSID_02|Escherichia_phage_phiC120|major_head_protein|YP_010090013.1|OUTGROUP	0.0	1.0	0.05410704189705248	yes	0.1972	21.0	0.2727	0.229	0.1891	7.611	0.21953610614330504	OUTGROUP_CAPSID_02|Escherichia_phage_phiC120|major_head_protein|YP_010090013.1|OUTGROUP	1.0	0.019536106143305032	0.021341202931585132
query6|Escherichia|Escherichia_phage_phiC120	YP_009880322.1|Escherichia|Bacteriophage_ep75|Sipho|RBP	no	NA	NA	NA	NA	0.0	OUTGROUP_CAPSID_02|Escherichia_phage_phiC120|major_head_protein|YP_010090013.1|OUTGROUP	1.0	0.0	3.4020799999999998	0.22716534002108096	OUTGROUP_CAPSID_02|Escherichia_phage_phiC120|major_head_protein|YP_010090013.1|OUTGROUP	0.0	1.0	0.07716534002108097	yes	0.1592	18.0	0.2453	0.1922	0.1445	7.623	0.19288378406587037	OUTGROUP_CAPSID_02|Escherichia_phage_phiC120|major_head_protein|YP_010090013.1|OUTGROUP	1.0	0.0	0.019291335005270242
query6|Escherichia|Escherichia_phage_phiC120	P22588|Escherichia|Bacteriophage_P1|Myo|RBP	no	NA	NA	NA	NA	0.0	OUTGROUP_CAPSID_02|Escherichia_phage_phiC120|major_head_protein|YP_010090013.1|OUTGROUP	1.0	0.0	3.4496799999999994	0.22473526186152717	OUTGROUP_CAPSID_02|Escherichia_phage_phiC120|major_head_protein|YP_010090013.1|OUTGROUP	0.0	1.0	0.07473526186152718	yes	0.1924	13.0	0.3178	0.1457	0.2652	5.769	0.1977364618111981	OUTGROUP_CAPSID_02|Escherichia_phage_phiC120|major_head_protein|YP_010090013.1|OUTGROUP	1.0	0.0	0.018683815465381795
query6|Escherichia|Escherichia_phage_phiC120	AEM91897.1|Escherichia|Bacteriophage_Cba120|Sipho|RBP	no	NA	NA	NA	NA	0.0	OUTGROUP_CAPSID_02|Escherichia_phage_phiC120|major_head_protein|YP_010090013.1|OUTGROUP	1.0	0.0	3.45854	0.22428866848789064	OUTGROUP_CAPSID_02|Escherichia_phage_phiC120|major_head_protein|YP_010090013.1|OUTGROUP	0.0	1.0	0.07428866848789065	no	NA	NA	NA	NA	NA	NA	0.0	OUTGROUP_CAPSID_02|Escherichia_phage_phiC120|major_head_protein|YP_010090013.1|OUTGROUP	1.0	0.0	0.01857216712197266
query6|Escherichia|Escherichia_phage_phiC120	P23207.2|Escherichia|Bacteriophage_T5|Sipho|RBP	no	NA	NA	NA	NA	0.0	OUTGROUP_CAPSID_02|Escherichia_phage_phiC120|major_head_protein|YP_010090013.1|OUTGROUP	1.0	0.0	3.4748899999999994	0.22346918024800613	OUTGROUP_CAPSID_02|Escherichia_phage_phiC120|major_head_protein|YP_010090013.1|OUTGROUP	0.0	1.0	0.07346918024800614	no	NA	NA	NA	NA	NA	NA	0.0	OUTGROUP_CAPSID_02|Escherichia_phage_phiC120|major_head_protein|YP_010090013.1|OUTGROUP	1.0	0.0	0.018367295062001535
query6|Escherichia|Escherichia_phage_phiC120	P03744|Enterobacteria|Bacteriophage_T4|Myo|RBP	no	NA	NA	NA	NA	0.0	OUTGROUP_CAPSID_02|Escherichia_phage_phiC120|major_head_protein|YP_010090013.1|OUTGROUP	1.0	0.0	3.9951399999999997	0.20019458914064472	OUTGROUP_CAPSID_02|Escherichia_phage_phiC120|major_head_protein|YP_010090013.1|OUTGROUP	0.0	1.0	0.05019458914064473	yes	0.1688	21.0	0.2558	0.2242	0.131	7.619	0.21204454809142592	OUTGROUP_CAPSID_02|Escherichia_phage_phiC120|major_head_protein|YP_010090013.1|OUTGROUP	1.0	0.01204454809142591	0.017366466521731547
query6|Escherichia|Escherichia_phage_phiC120	P10930|Enterobacteria|Bacteriophage_T4|Myo|RBP	no	NA	NA	NA	NA	0.0	OUTGROUP_CAPSID_02|Escherichia_phage_phiC120|major_head_protein|YP_010090013.1|OUTGROUP	1.0	0.0	3.5770299999999997	0.21848229091790966	OUTGROUP_CAPSID_02|Escherichia_phage_phiC120|major_head_protein|YP_010090013.1|OUTGROUP	0.0	1.0	0.06848229091790967	no	NA	NA	NA	NA	NA	NA	0.0	OUTGROUP_CAPSID_02|Escherichia_phage_phiC120|major_head_protein|YP_010090013.1|OUTGROUP	1.0	0.0	0.017120572729477417
query6|Escherichia|Escherichia_phage_phiC120	P10308|Enterobacteria|Bacteriophage_T3|Podo|RBP	no	NA	NA	NA	NA	0.0	OUTGROUP_CAPSID_02|Escherichia_phage_phiC120|major_head_protein|YP_010090013.1|OUTGROUP	1.0	0.0	3.6482199999999994	0.21513611662098614	OUTGROUP_CAPSID_02|Escherichia_phage_phiC120|major_head_protein|YP_010090013.1|OUTGROUP	0.0	1.0	0.06513611662098615	no	NA	NA	NA	NA	NA	NA	0.0	OUTGROUP_CAPSID_02|Escherichia_phage_phiC120|major_head_protein|YP_010090013.1|OUTGROUP	1.0	0.0	0.016284029155246536
query6|Escherichia|Escherichia_phage_phiC120	P03748|Escherichia|Bacteriophage_T7|Podo|RBP	no	NA	NA	NA	NA	0.0	OUTGROUP_CAPSID_02|Escherichia_phage_phiC120|major_head_protein|YP_010090013.1|OUTGROUP	1.0	0.0	3.7168199999999993	0.21200724216739247	OUTGROUP_CAPSID_02|Escherichia_phage_phiC120|major_head_protein|YP_010090013.1|OUTGROUP	0.0	1.0	0.06200724216739248	no	NA	NA	NA	NA	NA	NA	0.0	OUTGROUP_CAPSID_02|Escherichia_phage_phiC120|major_head_protein|YP_010090013.1|OUTGROUP	1.0	0.0	0.01550181054184812
query6|Escherichia|Escherichia_phage_phiC120	pdb_0000q0pdk6|Bacillus|Bacteriophage_SPP1|Sipho|RBP	no	NA	NA	NA	NA	0.0	OUTGROUP_CAPSID_02|Escherichia_phage_phiC120|major_head_protein|YP_010090013.1|OUTGROUP	1.0	0.0	3.8505799999999994	0.2061609127155928	OUTGROUP_CAPSID_02|Escherichia_phage_phiC120|major_head_protein|YP_010090013.1|OUTGROUP	0.0	1.0	0.056160912715592815	no	NA	NA	NA	NA	NA	NA	0.0	OUTGROUP_CAPSID_02|Escherichia_phage_phiC120|major_head_protein|YP_010090013.1|OUTGROUP	1.0	0.0	0.014040228178898204
query6|Escherichia|Escherichia_phage_phiC120	QLF82969.1|Klebsiella|Bacteriophage_KpnM6E1|Myo|RBP	no	NA	NA	NA	NA	0.0	OUTGROUP_CAPSID_02|Escherichia_phage_phiC120|major_head_protein|YP_010090013.1|OUTGROUP	1.0	0.0	3.9317199999999994	0.20276901365041003	OUTGROUP_CAPSID_02|Escherichia_phage_phiC120|major_head_protein|YP_010090013.1|OUTGROUP	0.0	1.0	0.052769013650410035	no	NA	NA	NA	NA	NA	NA	0.0	OUTGROUP_CAPSID_02|Escherichia_phage_phiC120|major_head_protein|YP_010090013.1|OUTGROUP	1.0	0.0	0.013192253412602509
query6|Escherichia|Escherichia_phage_phiC120	pdb_00004rga|Lactococcus|Bacteriophage_1358|Sipho|RBP	no	NA	NA	NA	NA	0.0	OUTGROUP_CAPSID_02|Escherichia_phage_phiC120|major_head_protein|YP_010090013.1|OUTGROUP	1.0	0.0	4.00258	0.19989685322373654	OUTGROUP_CAPSID_02|Escherichia_phage_phiC120|major_head_protein|YP_010090013.1|OUTGROUP	0.0	1.0	0.04989685322373655	no	NA	NA	NA	NA	NA	NA	0.0	OUTGROUP_CAPSID_02|Escherichia_phage_phiC120|major_head_protein|YP_010090013.1|OUTGROUP	1.0	0.0	0.012474213305934137
query6|Escherichia|Escherichia_phage_phiC120	P07627|Enterobacteria|Bacteriophage_Ox2|Sipho|RBP	no	NA	NA	NA	NA	0.0	OUTGROUP_CAPSID_02|Escherichia_phage_phiC120|major_head_protein|YP_010090013.1|OUTGROUP	1.0	0.0	4.016819999999999	0.19932945571098826	OUTGROUP_CAPSID_02|Escherichia_phage_phiC120|major_head_protein|YP_010090013.1|OUTGROUP	0.0	1.0	0.04932945571098826	no	NA	NA	NA	NA	NA	NA	0.0	OUTGROUP_CAPSID_02|Escherichia_phage_phiC120|major_head_protein|YP_010090013.1|OUTGROUP	1.0	0.0	0.012332363927747066
query6|Escherichia|Escherichia_phage_phiC120	Q775D6|Bordetella|Bacteriophage_BPP-1|Podo|RBP	no	NA	NA	NA	NA	0.0	OUTGROUP_CAPSID_02|Escherichia_phage_phiC120|major_head_protein|YP_010090013.1|OUTGROUP	1.0	0.0	4.09648	0.19621385740746555	OUTGROUP_CAPSID_02|Escherichia_phage_phiC120|major_head_protein|YP_010090013.1|OUTGROUP	0.0	1.0	0.04621385740746556	no	NA	NA	NA	NA	NA	NA	0.0	OUTGROUP_CAPSID_02|Escherichia_phage_phiC120|major_head_protein|YP_010090013.1|OUTGROUP	1.0	0.0	0.01155346435186639
query6|Escherichia|Escherichia_phage_phiC120	pdb_00005e7f|Lactococcus|Bacteriophage_Tuc2009|Sipho|RBP	no	NA	NA	NA	NA	0.0	OUTGROUP_CAPSID_02|Escherichia_phage_phiC120|major_head_protein|YP_010090013.1|OUTGROUP	1.0	0.0	4.30443	0.18852166962331485	OUTGROUP_CAPSID_02|Escherichia_phage_phiC120|major_head_protein|YP_010090013.1|OUTGROUP	0.0	1.0	0.03852166962331485	yes	0.1876	11.0	0.2913	0.1208	0.2864	6.065	0.1760985633404105	OUTGROUP_CAPSID_02|Escherichia_phage_phiC120|major_head_protein|YP_010090013.1|OUTGROUP	1.0	0.0	0.009630417405828713
query6|Escherichia|Escherichia_phage_phiC120	NP_112089.1|Enterobacteria|Bacteriophage_HK620|Sipho|RBP	no	NA	NA	NA	NA	0.0	OUTGROUP_CAPSID_02|Escherichia_phage_phiC120|major_head_protein|YP_010090013.1|OUTGROUP	1.0	0.0	4.344060000000001	0.1871236475638372	OUTGROUP_CAPSID_02|Escherichia_phage_phiC120|major_head_protein|YP_010090013.1|OUTGROUP	0.0	1.0	0.03712364756383721	no	NA	NA	NA	NA	NA	NA	0.0	OUTGROUP_CAPSID_02|Escherichia_phage_phiC120|major_head_protein|YP_010090013.1|OUTGROUP	1.0	0.0	0.009280911890959302
